Partido,Nivel de Gobierno,Profesion Clasificada,N Candidatos,Total Candidatos del Nivel,% del total
APP,GENERAL,EDUCACION,1037,9477,10.94
APP,GENERAL,INGENIERIA,921,9477,9.72
APP,GENERAL,DERECHO,410,9477,4.33
APP,GENERAL,ADMINISTRACION,395,9477,4.17
APP,GENERAL,CONTABILIDAD,256,9477,2.7
APP,GENERAL,ENFERMERIA,146,9477,1.54
APP,GENERAL,PSICOLOGIA,114,9477,1.2
APP,GENERAL,CIENCIAS POLITICAS,101,9477,1.07
APP,GENERAL,ECONOMIA,91,9477,0.96
APP,GENERAL,ODONTOLOGIA,79,9477,0.83
APP,GENERAL,AGROPECUARIA,67,9477,0.71
APP,GENERAL,ARQUITECTURA,65,9477,0.69
APP,GENERAL,CIENCIAS DE LA COMUNICACION,54,9477,0.57
APP,GENERAL,MEDICINA,50,9477,0.53
APP,GENERAL,OBSTETRICIA,42,9477,0.44
APP,GENERAL,MEDICO VETERINARIO,38,9477,0.4
APP,GENERAL,MEDICO CIRUJANO,36,9477,0.38
APP,GENERAL,SOCIOLOGIA,29,9477,0.31
APP,GENERAL,BIOLOGIA,24,9477,0.25
APP,GENERAL,OTROS - OFICIO TECNICO,24,9477,0.25
APP,GENERAL,COMPUTACION E INFORMATICA,21,9477,0.22
APP,GENERAL,TURISMO Y HOTELERIA,20,9477,0.21
APP,GENERAL,FARMACIA Y BIOQUIMICA,18,9477,0.19
APP,GENERAL,MATEMATICA Y ESTADISTICA,18,9477,0.19
APP,GENERAL,CIENCIAS FORESTALES Y AMBIENTALES,16,9477,0.17
APP,GENERAL,POLICIA O MILITAR,16,9477,0.17
APP,GENERAL,TECNOLOGIA MEDICA,15,9477,0.16
APP,GENERAL,TRABAJO SOCIAL,13,9477,0.14
APP,GENERAL,HISTORIA,12,9477,0.13
APP,GENERAL,IDIOMAS,12,9477,0.13
APP,GENERAL,ANTROPOLOGIA,8,9477,0.08
APP,GENERAL,NUTRICION Y DIETETICA,7,9477,0.07
APP,GENERAL,ARTE Y DISENO,6,9477,0.06
APP,GENERAL,INSTRUCTOR DEPORTIVO,5,9477,0.05
APP,GENERAL,LENGUA Y LITERATURA,3,9477,0.03
APP,GENERAL,QUIMICA,3,9477,0.03
APP,GENERAL,FISIOTERAPIA Y TERAPIA FISICA,2,9477,0.02
APP,GENERAL,GASTRONOMIA,2,9477,0.02
APP,GENERAL,AGRICULTURA,1,9477,0.01
APP,GENERAL,ARQUEOLOGIA,1,9477,0.01
APP,GENERAL,CIENCIAS FILOSOFICAS,1,9477,0.01
APP,GENERAL,CIENCIAS MARITIMAS,1,9477,0.01
APP,GENERAL,CIENCIAS SOCIALES,1,9477,0.01
APP,GENERAL,CONSTRUCCION CIVIL,1,9477,0.01
APP,GENERAL,FILOSOFIA Y TEOLOGIA,1,9477,0.01
APP,GENERAL,FISICA,1,9477,0.01
APP,GENERAL,POLITICAS SOCIALES CON ENFOQUE DE GENERO,1,9477,0.01
APP,GENERAL,PREVENCION Y CONTROL DE LA CORRUPCION,1,9477,0.01
APP,GENERAL,SEGURIDAD CIUDADANA,1,9477,0.01
APP,MUNICIPAL DISTRITAL,EDUCACION,674,7686,8.77
APP,MUNICIPAL DISTRITAL,INGENIERIA,638,7686,8.3
APP,MUNICIPAL DISTRITAL,ADMINISTRACION,259,7686,3.37
APP,MUNICIPAL DISTRITAL,DERECHO,256,7686,3.33
APP,MUNICIPAL DISTRITAL,CONTABILIDAD,164,7686,2.13
APP,MUNICIPAL DISTRITAL,ENFERMERIA,104,7686,1.35
APP,MUNICIPAL DISTRITAL,ECONOMIA,65,7686,0.85
APP,MUNICIPAL DISTRITAL,PSICOLOGIA,65,7686,0.85
APP,MUNICIPAL DISTRITAL,CIENCIAS POLITICAS,59,7686,0.77
APP,MUNICIPAL DISTRITAL,ARQUITECTURA,49,7686,0.64
APP,MUNICIPAL DISTRITAL,ODONTOLOGIA,49,7686,0.64
APP,MUNICIPAL DISTRITAL,AGROPECUARIA,44,7686,0.57
APP,MUNICIPAL DISTRITAL,OBSTETRICIA,35,7686,0.46
APP,MUNICIPAL DISTRITAL,CIENCIAS DE LA COMUNICACION,34,7686,0.44
APP,MUNICIPAL DISTRITAL,MEDICINA,30,7686,0.39
APP,MUNICIPAL DISTRITAL,MEDICO VETERINARIO,25,7686,0.33
APP,MUNICIPAL DISTRITAL,MEDICO CIRUJANO,21,7686,0.27
APP,MUNICIPAL DISTRITAL,OTROS - OFICIO TECNICO,20,7686,0.26
APP,MUNICIPAL DISTRITAL,BIOLOGIA,19,7686,0.25
APP,MUNICIPAL DISTRITAL,SOCIOLOGIA,19,7686,0.25
APP,MUNICIPAL DISTRITAL,TURISMO Y HOTELERIA,15,7686,0.2
APP,MUNICIPAL DISTRITAL,COMPUTACION E INFORMATICA,14,7686,0.18
APP,MUNICIPAL DISTRITAL,POLICIA O MILITAR,12,7686,0.16
APP,MUNICIPAL DISTRITAL,CIENCIAS FORESTALES Y AMBIENTALES,11,7686,0.14
APP,MUNICIPAL DISTRITAL,FARMACIA Y BIOQUIMICA,10,7686,0.13
APP,MUNICIPAL DISTRITAL,MATEMATICA Y ESTADISTICA,9,7686,0.12
APP,MUNICIPAL DISTRITAL,HISTORIA,8,7686,0.1
APP,MUNICIPAL DISTRITAL,TRABAJO SOCIAL,8,7686,0.1
APP,MUNICIPAL DISTRITAL,TECNOLOGIA MEDICA,7,7686,0.09
APP,MUNICIPAL DISTRITAL,ANTROPOLOGIA,6,7686,0.08
APP,MUNICIPAL DISTRITAL,IDIOMAS,6,7686,0.08
APP,MUNICIPAL DISTRITAL,INSTRUCTOR DEPORTIVO,5,7686,0.07
APP,MUNICIPAL DISTRITAL,NUTRICION Y DIETETICA,5,7686,0.07
APP,MUNICIPAL DISTRITAL,ARTE Y DISENO,3,7686,0.04
APP,MUNICIPAL DISTRITAL,FISIOTERAPIA Y TERAPIA FISICA,2,7686,0.03
APP,MUNICIPAL DISTRITAL,GASTRONOMIA,2,7686,0.03
APP,MUNICIPAL DISTRITAL,AGRICULTURA,1,7686,0.01
APP,MUNICIPAL DISTRITAL,CIENCIAS FILOSOFICAS,1,7686,0.01
APP,MUNICIPAL DISTRITAL,CIENCIAS MARITIMAS,1,7686,0.01
APP,MUNICIPAL DISTRITAL,CIENCIAS SOCIALES,1,7686,0.01
APP,MUNICIPAL DISTRITAL,FISICA,1,7686,0.01
APP,MUNICIPAL DISTRITAL,LENGUA Y LITERATURA,1,7686,0.01
APP,MUNICIPAL DISTRITAL,PREVENCION Y CONTROL DE LA CORRUPCION,1,7686,0.01
APP,MUNICIPAL DISTRITAL,QUIMICA,1,7686,0.01
APP,MUNICIPAL DISTRITAL,SEGURIDAD CIUDADANA,1,7686,0.01
APP,MUNICIPAL PROVINCIAL,EDUCACION,316,1535,20.59
APP,MUNICIPAL PROVINCIAL,INGENIERIA,229,1535,14.92
APP,MUNICIPAL PROVINCIAL,DERECHO,117,1535,7.62
APP,MUNICIPAL PROVINCIAL,ADMINISTRACION,113,1535,7.36
APP,MUNICIPAL PROVINCIAL,CONTABILIDAD,73,1535,4.76
APP,MUNICIPAL PROVINCIAL,PSICOLOGIA,41,1535,2.67
APP,MUNICIPAL PROVINCIAL,ENFERMERIA,35,1535,2.28
APP,MUNICIPAL PROVINCIAL,CIENCIAS POLITICAS,33,1535,2.15
APP,MUNICIPAL PROVINCIAL,ODONTOLOGIA,27,1535,1.76
APP,MUNICIPAL PROVINCIAL,AGROPECUARIA,21,1535,1.37
APP,MUNICIPAL PROVINCIAL,CIENCIAS DE LA COMUNICACION,20,1535,1.3
APP,MUNICIPAL PROVINCIAL,ECONOMIA,19,1535,1.24
APP,MUNICIPAL PROVINCIAL,MEDICINA,18,1535,1.17
APP,MUNICIPAL PROVINCIAL,ARQUITECTURA,14,1535,0.91
APP,MUNICIPAL PROVINCIAL,MEDICO CIRUJANO,13,1535,0.85
APP,MUNICIPAL PROVINCIAL,MEDICO VETERINARIO,11,1535,0.72
APP,MUNICIPAL PROVINCIAL,SOCIOLOGIA,10,1535,0.65
APP,MUNICIPAL PROVINCIAL,MATEMATICA Y ESTADISTICA,8,1535,0.52
APP,MUNICIPAL PROVINCIAL,TECNOLOGIA MEDICA,8,1535,0.52
APP,MUNICIPAL PROVINCIAL,OBSTETRICIA,7,1535,0.46
APP,MUNICIPAL PROVINCIAL,IDIOMAS,6,1535,0.39
APP,MUNICIPAL PROVINCIAL,CIENCIAS FORESTALES Y AMBIENTALES,5,1535,0.33
APP,MUNICIPAL PROVINCIAL,COMPUTACION E INFORMATICA,5,1535,0.33
APP,MUNICIPAL PROVINCIAL,FARMACIA Y BIOQUIMICA,5,1535,0.33
APP,MUNICIPAL PROVINCIAL,BIOLOGIA,4,1535,0.26
APP,MUNICIPAL PROVINCIAL,HISTORIA,4,1535,0.26
APP,MUNICIPAL PROVINCIAL,POLICIA O MILITAR,4,1535,0.26
APP,MUNICIPAL PROVINCIAL,ARTE Y DISENO,3,1535,0.2
APP,MUNICIPAL PROVINCIAL,OTROS - OFICIO TECNICO,3,1535,0.2
APP,MUNICIPAL PROVINCIAL,TURISMO Y HOTELERIA,3,1535,0.2
APP,MUNICIPAL PROVINCIAL,LENGUA Y LITERATURA,2,1535,0.13
APP,MUNICIPAL PROVINCIAL,NUTRICION Y DIETETICA,2,1535,0.13
APP,MUNICIPAL PROVINCIAL,QUIMICA,2,1535,0.13
APP,MUNICIPAL PROVINCIAL,TRABAJO SOCIAL,2,1535,0.13
APP,MUNICIPAL PROVINCIAL,ARQUEOLOGIA,1,1535,0.07
APP,MUNICIPAL PROVINCIAL,CONSTRUCCION CIVIL,1,1535,0.07
APP,MUNICIPAL PROVINCIAL,FILOSOFIA Y TEOLOGIA,1,1535,0.07
APP,REGIONAL,INGENIERIA,54,256,21.09
APP,REGIONAL,EDUCACION,47,256,18.36
APP,REGIONAL,DERECHO,37,256,14.45
APP,REGIONAL,ADMINISTRACION,23,256,8.98
APP,REGIONAL,CONTABILIDAD,19,256,7.42
APP,REGIONAL,CIENCIAS POLITICAS,9,256,3.52
APP,REGIONAL,PSICOLOGIA,8,256,3.12
APP,REGIONAL,ECONOMIA,7,256,2.73
APP,REGIONAL,ENFERMERIA,7,256,2.73
APP,REGIONAL,FARMACIA Y BIOQUIMICA,3,256,1.17
APP,REGIONAL,ODONTOLOGIA,3,256,1.17
APP,REGIONAL,TRABAJO SOCIAL,3,256,1.17
APP,REGIONAL,AGROPECUARIA,2,256,0.78
APP,REGIONAL,ANTROPOLOGIA,2,256,0.78
APP,REGIONAL,ARQUITECTURA,2,256,0.78
APP,REGIONAL,COMPUTACION E INFORMATICA,2,256,0.78
APP,REGIONAL,MEDICINA,2,256,0.78
APP,REGIONAL,MEDICO CIRUJANO,2,256,0.78
APP,REGIONAL,MEDICO VETERINARIO,2,256,0.78
APP,REGIONAL,TURISMO Y HOTELERIA,2,256,0.78
APP,REGIONAL,BIOLOGIA,1,256,0.39
APP,REGIONAL,MATEMATICA Y ESTADISTICA,1,256,0.39
APP,REGIONAL,OTROS - OFICIO TECNICO,1,256,0.39
APP,REGIONAL,POLITICAS SOCIALES CON ENFOQUE DE GENERO,1,256,0.39
Acción Popular,GENERAL,EDUCACION,547,6041,9.05
Acción Popular,GENERAL,INGENIERIA,517,6041,8.56
Acción Popular,GENERAL,DERECHO,291,6041,4.82
Acción Popular,GENERAL,ADMINISTRACION,245,6041,4.06
Acción Popular,GENERAL,CONTABILIDAD,166,6041,2.75
Acción Popular,GENERAL,ENFERMERIA,87,6041,1.44
Acción Popular,GENERAL,ECONOMIA,71,6041,1.18
Acción Popular,GENERAL,PSICOLOGIA,65,6041,1.08
Acción Popular,GENERAL,CIENCIAS POLITICAS,55,6041,0.91
Acción Popular,GENERAL,CIENCIAS DE LA COMUNICACION,39,6041,0.65
Acción Popular,GENERAL,ODONTOLOGIA,39,6041,0.65
Acción Popular,GENERAL,ARQUITECTURA,38,6041,0.63
Acción Popular,GENERAL,AGROPECUARIA,37,6041,0.61
Acción Popular,GENERAL,OTROS - OFICIO TECNICO,30,6041,0.5
Acción Popular,GENERAL,MEDICO CIRUJANO,26,6041,0.43
Acción Popular,GENERAL,MEDICINA,25,6041,0.41
Acción Popular,GENERAL,FARMACIA Y BIOQUIMICA,22,6041,0.36
Acción Popular,GENERAL,OBSTETRICIA,22,6041,0.36
Acción Popular,GENERAL,MATEMATICA Y ESTADISTICA,18,6041,0.3
Acción Popular,GENERAL,COMPUTACION E INFORMATICA,15,6041,0.25
Acción Popular,GENERAL,BIOLOGIA,12,6041,0.2
Acción Popular,GENERAL,MEDICO VETERINARIO,12,6041,0.2
Acción Popular,GENERAL,SOCIOLOGIA,12,6041,0.2
Acción Popular,GENERAL,IDIOMAS,10,6041,0.17
Acción Popular,GENERAL,POLICIA O MILITAR,9,6041,0.15
Acción Popular,GENERAL,ARTE Y DISENO,8,6041,0.13
Acción Popular,GENERAL,TECNOLOGIA MEDICA,8,6041,0.13
Acción Popular,GENERAL,TURISMO Y HOTELERIA,8,6041,0.13
Acción Popular,GENERAL,CIENCIAS FORESTALES Y AMBIENTALES,7,6041,0.12
Acción Popular,GENERAL,NUTRICION Y DIETETICA,7,6041,0.12
Acción Popular,GENERAL,CIENCIAS SOCIALES,5,6041,0.08
Acción Popular,GENERAL,FILOSOFIA Y TEOLOGIA,5,6041,0.08
Acción Popular,GENERAL,HISTORIA,5,6041,0.08
Acción Popular,GENERAL,LENGUA Y LITERATURA,5,6041,0.08
Acción Popular,GENERAL,INSTRUCTOR DEPORTIVO,4,6041,0.07
Acción Popular,GENERAL,FISICA,3,6041,0.05
Acción Popular,GENERAL,CONSTRUCCION CIVIL,2,6041,0.03
Acción Popular,GENERAL,ANTROPOLOGIA,1,6041,0.02
Acción Popular,GENERAL,CIENCIAS MARITIMAS NAVALES,1,6041,0.02
Acción Popular,GENERAL,CIENCIAS MARITIMO NAVALES,1,6041,0.02
Acción Popular,GENERAL,INDUSTRIAS ALIMENTICIAS,1,6041,0.02
Acción Popular,GENERAL,LOGISTICA Y ALMACENES,1,6041,0.02
Acción Popular,GENERAL,NEGOCIOS INTERNACIONALES,1,6041,0.02
Acción Popular,GENERAL,RIEGO TECNIFICADO Y OBRAS HIDRAULICAS,1,6041,0.02
Acción Popular,GENERAL,SALUD OCUPACIONAL,1,6041,0.02
Acción Popular,GENERAL,TECNOLOGIA DEL VESTIDO,1,6041,0.02
Acción Popular,GENERAL,TOPOGRAFIA,1,6041,0.02
Acción Popular,GENERAL,TRABAJADOR SOCIAL,1,6041,0.02
Acción Popular,GENERAL,TRABAJO SOCIAL,1,6041,0.02
Acción Popular,GENERAL,TRIBUTACION INTERNACIONAL,1,6041,0.02
Acción Popular,MUNICIPAL DISTRITAL,INGENIERIA,343,4692,7.31
Acción Popular,MUNICIPAL DISTRITAL,EDUCACION,334,4692,7.12
Acción Popular,MUNICIPAL DISTRITAL,DERECHO,176,4692,3.75
Acción Popular,MUNICIPAL DISTRITAL,ADMINISTRACION,146,4692,3.11
Acción Popular,MUNICIPAL DISTRITAL,CONTABILIDAD,90,4692,1.92
Acción Popular,MUNICIPAL DISTRITAL,ENFERMERIA,60,4692,1.28
Acción Popular,MUNICIPAL DISTRITAL,ECONOMIA,46,4692,0.98
Acción Popular,MUNICIPAL DISTRITAL,PSICOLOGIA,41,4692,0.87
Acción Popular,MUNICIPAL DISTRITAL,CIENCIAS POLITICAS,40,4692,0.85
Acción Popular,MUNICIPAL DISTRITAL,AGROPECUARIA,28,4692,0.6
Acción Popular,MUNICIPAL DISTRITAL,ODONTOLOGIA,28,4692,0.6
Acción Popular,MUNICIPAL DISTRITAL,CIENCIAS DE LA COMUNICACION,27,4692,0.58
Acción Popular,MUNICIPAL DISTRITAL,OTROS - OFICIO TECNICO,25,4692,0.53
Acción Popular,MUNICIPAL DISTRITAL,ARQUITECTURA,21,4692,0.45
Acción Popular,MUNICIPAL DISTRITAL,OBSTETRICIA,17,4692,0.36
Acción Popular,MUNICIPAL DISTRITAL,MEDICINA,16,4692,0.34
Acción Popular,MUNICIPAL DISTRITAL,FARMACIA Y BIOQUIMICA,14,4692,0.3
Acción Popular,MUNICIPAL DISTRITAL,MATEMATICA Y ESTADISTICA,14,4692,0.3
Acción Popular,MUNICIPAL DISTRITAL,MEDICO CIRUJANO,13,4692,0.28
Acción Popular,MUNICIPAL DISTRITAL,BIOLOGIA,9,4692,0.19
Acción Popular,MUNICIPAL DISTRITAL,COMPUTACION E INFORMATICA,8,4692,0.17
Acción Popular,MUNICIPAL DISTRITAL,TURISMO Y HOTELERIA,8,4692,0.17
Acción Popular,MUNICIPAL DISTRITAL,ARTE Y DISENO,7,4692,0.15
Acción Popular,MUNICIPAL DISTRITAL,NUTRICION Y DIETETICA,7,4692,0.15
Acción Popular,MUNICIPAL DISTRITAL,POLICIA O MILITAR,7,4692,0.15
Acción Popular,MUNICIPAL DISTRITAL,TECNOLOGIA MEDICA,7,4692,0.15
Acción Popular,MUNICIPAL DISTRITAL,CIENCIAS FORESTALES Y AMBIENTALES,6,4692,0.13
Acción Popular,MUNICIPAL DISTRITAL,IDIOMAS,6,4692,0.13
Acción Popular,MUNICIPAL DISTRITAL,MEDICO VETERINARIO,6,4692,0.13
Acción Popular,MUNICIPAL DISTRITAL,FILOSOFIA Y TEOLOGIA,5,4692,0.11
Acción Popular,MUNICIPAL DISTRITAL,SOCIOLOGIA,5,4692,0.11
Acción Popular,MUNICIPAL DISTRITAL,HISTORIA,4,4692,0.09
Acción Popular,MUNICIPAL DISTRITAL,CIENCIAS SOCIALES,3,4692,0.06
Acción Popular,MUNICIPAL DISTRITAL,INSTRUCTOR DEPORTIVO,3,4692,0.06
Acción Popular,MUNICIPAL DISTRITAL,CONSTRUCCION CIVIL,2,4692,0.04
Acción Popular,MUNICIPAL DISTRITAL,FISICA,2,4692,0.04
Acción Popular,MUNICIPAL DISTRITAL,LENGUA Y LITERATURA,2,4692,0.04
Acción Popular,MUNICIPAL DISTRITAL,CIENCIAS MARITIMAS NAVALES,1,4692,0.02
Acción Popular,MUNICIPAL DISTRITAL,CIENCIAS MARITIMO NAVALES,1,4692,0.02
Acción Popular,MUNICIPAL DISTRITAL,LOGISTICA Y ALMACENES,1,4692,0.02
Acción Popular,MUNICIPAL DISTRITAL,RIEGO TECNIFICADO Y OBRAS HIDRAULICAS,1,4692,0.02
Acción Popular,MUNICIPAL DISTRITAL,SALUD OCUPACIONAL,1,4692,0.02
Acción Popular,MUNICIPAL DISTRITAL,TECNOLOGIA DEL VESTIDO,1,4692,0.02
Acción Popular,MUNICIPAL DISTRITAL,TOPOGRAFIA,1,4692,0.02
Acción Popular,MUNICIPAL DISTRITAL,TRABAJO SOCIAL,1,4692,0.02
Acción Popular,MUNICIPAL DISTRITAL,TRIBUTACION INTERNACIONAL,1,4692,0.02
Acción Popular,MUNICIPAL PROVINCIAL,EDUCACION,156,1023,15.25
Acción Popular,MUNICIPAL PROVINCIAL,INGENIERIA,126,1023,12.32
Acción Popular,MUNICIPAL PROVINCIAL,DERECHO,83,1023,8.11
Acción Popular,MUNICIPAL PROVINCIAL,ADMINISTRACION,57,1023,5.57
Acción Popular,MUNICIPAL PROVINCIAL,CONTABILIDAD,55,1023,5.38
Acción Popular,MUNICIPAL PROVINCIAL,ECONOMIA,20,1023,1.96
Acción Popular,MUNICIPAL PROVINCIAL,ENFERMERIA,18,1023,1.76
Acción Popular,MUNICIPAL PROVINCIAL,PSICOLOGIA,15,1023,1.47
Acción Popular,MUNICIPAL PROVINCIAL,ARQUITECTURA,12,1023,1.17
Acción Popular,MUNICIPAL PROVINCIAL,CIENCIAS POLITICAS,11,1023,1.08
Acción Popular,MUNICIPAL PROVINCIAL,MEDICO CIRUJANO,11,1023,1.08
Acción Popular,MUNICIPAL PROVINCIAL,ODONTOLOGIA,11,1023,1.08
Acción Popular,MUNICIPAL PROVINCIAL,FARMACIA Y BIOQUIMICA,8,1023,0.78
Acción Popular,MUNICIPAL PROVINCIAL,MEDICINA,8,1023,0.78
Acción Popular,MUNICIPAL PROVINCIAL,COMPUTACION E INFORMATICA,7,1023,0.68
Acción Popular,MUNICIPAL PROVINCIAL,MEDICO VETERINARIO,5,1023,0.49
Acción Popular,MUNICIPAL PROVINCIAL,OTROS - OFICIO TECNICO,5,1023,0.49
Acción Popular,MUNICIPAL PROVINCIAL,SOCIOLOGIA,5,1023,0.49
Acción Popular,MUNICIPAL PROVINCIAL,CIENCIAS DE LA COMUNICACION,4,1023,0.39
Acción Popular,MUNICIPAL PROVINCIAL,MATEMATICA Y ESTADISTICA,4,1023,0.39
Acción Popular,MUNICIPAL PROVINCIAL,AGROPECUARIA,3,1023,0.29
Acción Popular,MUNICIPAL PROVINCIAL,BIOLOGIA,3,1023,0.29
Acción Popular,MUNICIPAL PROVINCIAL,LENGUA Y LITERATURA,3,1023,0.29
Acción Popular,MUNICIPAL PROVINCIAL,CIENCIAS SOCIALES,2,1023,0.2
Acción Popular,MUNICIPAL PROVINCIAL,IDIOMAS,2,1023,0.2
Acción Popular,MUNICIPAL PROVINCIAL,OBSTETRICIA,2,1023,0.2
Acción Popular,MUNICIPAL PROVINCIAL,ANTROPOLOGIA,1,1023,0.1
Acción Popular,MUNICIPAL PROVINCIAL,ARTE Y DISENO,1,1023,0.1
Acción Popular,MUNICIPAL PROVINCIAL,CIENCIAS FORESTALES Y AMBIENTALES,1,1023,0.1
Acción Popular,MUNICIPAL PROVINCIAL,FISICA,1,1023,0.1
Acción Popular,MUNICIPAL PROVINCIAL,HISTORIA,1,1023,0.1
Acción Popular,MUNICIPAL PROVINCIAL,INDUSTRIAS ALIMENTICIAS,1,1023,0.1
Acción Popular,MUNICIPAL PROVINCIAL,INSTRUCTOR DEPORTIVO,1,1023,0.1
Acción Popular,MUNICIPAL PROVINCIAL,POLICIA O MILITAR,1,1023,0.1
Acción Popular,MUNICIPAL PROVINCIAL,TECNOLOGIA MEDICA,1,1023,0.1
Acción Popular,MUNICIPAL PROVINCIAL,TRABAJADOR SOCIAL,1,1023,0.1
Acción Popular,REGIONAL,EDUCACION,57,326,17.48
Acción Popular,REGIONAL,INGENIERIA,48,326,14.72
Acción Popular,REGIONAL,ADMINISTRACION,42,326,12.88
Acción Popular,REGIONAL,DERECHO,32,326,9.82
Acción Popular,REGIONAL,CONTABILIDAD,21,326,6.44
Acción Popular,REGIONAL,ENFERMERIA,9,326,2.76
Acción Popular,REGIONAL,PSICOLOGIA,9,326,2.76
Acción Popular,REGIONAL,CIENCIAS DE LA COMUNICACION,8,326,2.45
Acción Popular,REGIONAL,AGROPECUARIA,6,326,1.84
Acción Popular,REGIONAL,ARQUITECTURA,5,326,1.53
Acción Popular,REGIONAL,ECONOMIA,5,326,1.53
Acción Popular,REGIONAL,CIENCIAS POLITICAS,4,326,1.23
Acción Popular,REGIONAL,OBSTETRICIA,3,326,0.92
Acción Popular,REGIONAL,IDIOMAS,2,326,0.61
Acción Popular,REGIONAL,MEDICO CIRUJANO,2,326,0.61
Acción Popular,REGIONAL,SOCIOLOGIA,2,326,0.61
Acción Popular,REGIONAL,MEDICINA,1,326,0.31
Acción Popular,REGIONAL,MEDICO VETERINARIO,1,326,0.31
Acción Popular,REGIONAL,NEGOCIOS INTERNACIONALES,1,326,0.31
Acción Popular,REGIONAL,POLICIA O MILITAR,1,326,0.31
Ahora Nación,GENERAL,INGENIERIA,611,6011,10.16
Ahora Nación,GENERAL,EDUCACION,561,6011,9.33
Ahora Nación,GENERAL,DERECHO,279,6011,4.64
Ahora Nación,GENERAL,CONTABILIDAD,237,6011,3.94
Ahora Nación,GENERAL,ADMINISTRACION,227,6011,3.78
Ahora Nación,GENERAL,ENFERMERIA,95,6011,1.58
Ahora Nación,GENERAL,CIENCIAS POLITICAS,66,6011,1.1
Ahora Nación,GENERAL,AGROPECUARIA,64,6011,1.06
Ahora Nación,GENERAL,ECONOMIA,54,6011,0.9
Ahora Nación,GENERAL,PSICOLOGIA,54,6011,0.9
Ahora Nación,GENERAL,CIENCIAS DE LA COMUNICACION,48,6011,0.8
Ahora Nación,GENERAL,ODONTOLOGIA,40,6011,0.67
Ahora Nación,GENERAL,OTROS - OFICIO TECNICO,36,6011,0.6
Ahora Nación,GENERAL,ANTROPOLOGIA,34,6011,0.57
Ahora Nación,GENERAL,MEDICO VETERINARIO,27,6011,0.45
Ahora Nación,GENERAL,SOCIOLOGIA,26,6011,0.43
Ahora Nación,GENERAL,OBSTETRICIA,25,6011,0.42
Ahora Nación,GENERAL,ARQUITECTURA,22,6011,0.37
Ahora Nación,GENERAL,BIOLOGIA,21,6011,0.35
Ahora Nación,GENERAL,COMPUTACION E INFORMATICA,21,6011,0.35
Ahora Nación,GENERAL,TRABAJO SOCIAL,18,6011,0.3
Ahora Nación,GENERAL,MEDICINA,17,6011,0.28
Ahora Nación,GENERAL,HISTORIA,15,6011,0.25
Ahora Nación,GENERAL,IDIOMAS,15,6011,0.25
Ahora Nación,GENERAL,MEDICO CIRUJANO,14,6011,0.23
Ahora Nación,GENERAL,MATEMATICA Y ESTADISTICA,13,6011,0.22
Ahora Nación,GENERAL,POLICIA O MILITAR,13,6011,0.22
Ahora Nación,GENERAL,TURISMO Y HOTELERIA,11,6011,0.18
Ahora Nación,GENERAL,CIENCIAS SOCIALES,9,6011,0.15
Ahora Nación,GENERAL,FARMACIA Y BIOQUIMICA,8,6011,0.13
Ahora Nación,GENERAL,LENGUA Y LITERATURA,7,6011,0.12
Ahora Nación,GENERAL,ARQUEOLOGIA,5,6011,0.08
Ahora Nación,GENERAL,INSTRUCTOR DEPORTIVO,5,6011,0.08
Ahora Nación,GENERAL,NUTRICION Y DIETETICA,5,6011,0.08
Ahora Nación,GENERAL,ARTE Y DISENO,4,6011,0.07
Ahora Nación,GENERAL,FISICA,4,6011,0.07
Ahora Nación,GENERAL,TECNOLOGIA MEDICA,4,6011,0.07
Ahora Nación,GENERAL,FILOSOFIA Y TEOLOGIA,2,6011,0.03
Ahora Nación,GENERAL,GASTRONOMIA,2,6011,0.03
Ahora Nación,GENERAL,TOPOGRAFIA,2,6011,0.03
Ahora Nación,GENERAL,BIOTECNOLOGIA INDUSTRIAL,1,6011,0.02
Ahora Nación,GENERAL,CIENCIAS FISICAS,1,6011,0.02
Ahora Nación,GENERAL,CIENCIAS FORESTALES Y AMBIENTALES,1,6011,0.02
Ahora Nación,GENERAL,CONSTRUCCION CIVIL,1,6011,0.02
Ahora Nación,GENERAL,EVALUACION DE PROYECTOS DE INVERSION,1,6011,0.02
Ahora Nación,GENERAL,FISIOTERAPIA Y TERAPIA FISICA,1,6011,0.02
Ahora Nación,GENERAL,INVESTIGACION CRIMINAL,1,6011,0.02
Ahora Nación,GENERAL,QUIMICA,1,6011,0.02
Ahora Nación,GENERAL,SALUD PUBLICA,1,6011,0.02
Ahora Nación,MUNICIPAL DISTRITAL,INGENIERIA,427,4721,9.04
Ahora Nación,MUNICIPAL DISTRITAL,EDUCACION,383,4721,8.11
Ahora Nación,MUNICIPAL DISTRITAL,DERECHO,169,4721,3.58
Ahora Nación,MUNICIPAL DISTRITAL,CONTABILIDAD,165,4721,3.5
Ahora Nación,MUNICIPAL DISTRITAL,ADMINISTRACION,152,4721,3.22
Ahora Nación,MUNICIPAL DISTRITAL,ENFERMERIA,72,4721,1.53
Ahora Nación,MUNICIPAL DISTRITAL,AGROPECUARIA,45,4721,0.95
Ahora Nación,MUNICIPAL DISTRITAL,CIENCIAS POLITICAS,42,4721,0.89
Ahora Nación,MUNICIPAL DISTRITAL,PSICOLOGIA,41,4721,0.87
Ahora Nación,MUNICIPAL DISTRITAL,CIENCIAS DE LA COMUNICACION,33,4721,0.7
Ahora Nación,MUNICIPAL DISTRITAL,ECONOMIA,33,4721,0.7
Ahora Nación,MUNICIPAL DISTRITAL,OTROS - OFICIO TECNICO,30,4721,0.64
Ahora Nación,MUNICIPAL DISTRITAL,ANTROPOLOGIA,24,4721,0.51
Ahora Nación,MUNICIPAL DISTRITAL,MEDICO VETERINARIO,22,4721,0.47
Ahora Nación,MUNICIPAL DISTRITAL,ODONTOLOGIA,22,4721,0.47
Ahora Nación,MUNICIPAL DISTRITAL,OBSTETRICIA,21,4721,0.44
Ahora Nación,MUNICIPAL DISTRITAL,BIOLOGIA,13,4721,0.28
Ahora Nación,MUNICIPAL DISTRITAL,COMPUTACION E INFORMATICA,13,4721,0.28
Ahora Nación,MUNICIPAL DISTRITAL,ARQUITECTURA,11,4721,0.23
Ahora Nación,MUNICIPAL DISTRITAL,SOCIOLOGIA,11,4721,0.23
Ahora Nación,MUNICIPAL DISTRITAL,HISTORIA,10,4721,0.21
Ahora Nación,MUNICIPAL DISTRITAL,IDIOMAS,10,4721,0.21
Ahora Nación,MUNICIPAL DISTRITAL,POLICIA O MILITAR,10,4721,0.21
Ahora Nación,MUNICIPAL DISTRITAL,TRABAJO SOCIAL,10,4721,0.21
Ahora Nación,MUNICIPAL DISTRITAL,MEDICINA,8,4721,0.17
Ahora Nación,MUNICIPAL DISTRITAL,MEDICO CIRUJANO,8,4721,0.17
Ahora Nación,MUNICIPAL DISTRITAL,CIENCIAS SOCIALES,7,4721,0.15
Ahora Nación,MUNICIPAL DISTRITAL,MATEMATICA Y ESTADISTICA,7,4721,0.15
Ahora Nación,MUNICIPAL DISTRITAL,FARMACIA Y BIOQUIMICA,6,4721,0.13
Ahora Nación,MUNICIPAL DISTRITAL,TURISMO Y HOTELERIA,5,4721,0.11
Ahora Nación,MUNICIPAL DISTRITAL,ARTE Y DISENO,4,4721,0.08
Ahora Nación,MUNICIPAL DISTRITAL,LENGUA Y LITERATURA,4,4721,0.08
Ahora Nación,MUNICIPAL DISTRITAL,ARQUEOLOGIA,3,4721,0.06
Ahora Nación,MUNICIPAL DISTRITAL,FISICA,3,4721,0.06
Ahora Nación,MUNICIPAL DISTRITAL,INSTRUCTOR DEPORTIVO,3,4721,0.06
Ahora Nación,MUNICIPAL DISTRITAL,TECNOLOGIA MEDICA,3,4721,0.06
Ahora Nación,MUNICIPAL DISTRITAL,GASTRONOMIA,2,4721,0.04
Ahora Nación,MUNICIPAL DISTRITAL,NUTRICION Y DIETETICA,2,4721,0.04
Ahora Nación,MUNICIPAL DISTRITAL,BIOTECNOLOGIA INDUSTRIAL,1,4721,0.02
Ahora Nación,MUNICIPAL DISTRITAL,CIENCIAS FISICAS,1,4721,0.02
Ahora Nación,MUNICIPAL DISTRITAL,CIENCIAS FORESTALES Y AMBIENTALES,1,4721,0.02
Ahora Nación,MUNICIPAL DISTRITAL,CONSTRUCCION CIVIL,1,4721,0.02
Ahora Nación,MUNICIPAL DISTRITAL,EVALUACION DE PROYECTOS DE INVERSION,1,4721,0.02
Ahora Nación,MUNICIPAL DISTRITAL,FILOSOFIA Y TEOLOGIA,1,4721,0.02
Ahora Nación,MUNICIPAL DISTRITAL,FISIOTERAPIA Y TERAPIA FISICA,1,4721,0.02
Ahora Nación,MUNICIPAL DISTRITAL,INVESTIGACION CRIMINAL,1,4721,0.02
Ahora Nación,MUNICIPAL DISTRITAL,QUIMICA,1,4721,0.02
Ahora Nación,MUNICIPAL DISTRITAL,SALUD PUBLICA,1,4721,0.02
Ahora Nación,MUNICIPAL DISTRITAL,TOPOGRAFIA,1,4721,0.02
Ahora Nación,MUNICIPAL PROVINCIAL,INGENIERIA,161,1087,14.81
Ahora Nación,MUNICIPAL PROVINCIAL,EDUCACION,146,1087,13.43
Ahora Nación,MUNICIPAL PROVINCIAL,DERECHO,103,1087,9.48
Ahora Nación,MUNICIPAL PROVINCIAL,CONTABILIDAD,62,1087,5.7
Ahora Nación,MUNICIPAL PROVINCIAL,ADMINISTRACION,58,1087,5.34
Ahora Nación,MUNICIPAL PROVINCIAL,CIENCIAS POLITICAS,24,1087,2.21
Ahora Nación,MUNICIPAL PROVINCIAL,AGROPECUARIA,19,1087,1.75
Ahora Nación,MUNICIPAL PROVINCIAL,ENFERMERIA,16,1087,1.47
Ahora Nación,MUNICIPAL PROVINCIAL,CIENCIAS DE LA COMUNICACION,15,1087,1.38
Ahora Nación,MUNICIPAL PROVINCIAL,ECONOMIA,15,1087,1.38
Ahora Nación,MUNICIPAL PROVINCIAL,ODONTOLOGIA,15,1087,1.38
Ahora Nación,MUNICIPAL PROVINCIAL,SOCIOLOGIA,12,1087,1.1
Ahora Nación,MUNICIPAL PROVINCIAL,ARQUITECTURA,10,1087,0.92
Ahora Nación,MUNICIPAL PROVINCIAL,PSICOLOGIA,10,1087,0.92
Ahora Nación,MUNICIPAL PROVINCIAL,COMPUTACION E INFORMATICA,7,1087,0.64
Ahora Nación,MUNICIPAL PROVINCIAL,MEDICINA,7,1087,0.64
Ahora Nación,MUNICIPAL PROVINCIAL,MATEMATICA Y ESTADISTICA,6,1087,0.55
Ahora Nación,MUNICIPAL PROVINCIAL,TURISMO Y HOTELERIA,6,1087,0.55
Ahora Nación,MUNICIPAL PROVINCIAL,ANTROPOLOGIA,5,1087,0.46
Ahora Nación,MUNICIPAL PROVINCIAL,BIOLOGIA,5,1087,0.46
Ahora Nación,MUNICIPAL PROVINCIAL,MEDICO CIRUJANO,5,1087,0.46
Ahora Nación,MUNICIPAL PROVINCIAL,MEDICO VETERINARIO,5,1087,0.46
Ahora Nación,MUNICIPAL PROVINCIAL,OTROS - OFICIO TECNICO,5,1087,0.46
Ahora Nación,MUNICIPAL PROVINCIAL,HISTORIA,4,1087,0.37
Ahora Nación,MUNICIPAL PROVINCIAL,OBSTETRICIA,4,1087,0.37
Ahora Nación,MUNICIPAL PROVINCIAL,TRABAJO SOCIAL,4,1087,0.37
Ahora Nación,MUNICIPAL PROVINCIAL,IDIOMAS,3,1087,0.28
Ahora Nación,MUNICIPAL PROVINCIAL,LENGUA Y LITERATURA,3,1087,0.28
Ahora Nación,MUNICIPAL PROVINCIAL,NUTRICION Y DIETETICA,3,1087,0.28
Ahora Nación,MUNICIPAL PROVINCIAL,POLICIA O MILITAR,3,1087,0.28
Ahora Nación,MUNICIPAL PROVINCIAL,ARQUEOLOGIA,2,1087,0.18
Ahora Nación,MUNICIPAL PROVINCIAL,CIENCIAS SOCIALES,2,1087,0.18
Ahora Nación,MUNICIPAL PROVINCIAL,FARMACIA Y BIOQUIMICA,2,1087,0.18
Ahora Nación,MUNICIPAL PROVINCIAL,INSTRUCTOR DEPORTIVO,2,1087,0.18
Ahora Nación,MUNICIPAL PROVINCIAL,FISICA,1,1087,0.09
Ahora Nación,MUNICIPAL PROVINCIAL,TECNOLOGIA MEDICA,1,1087,0.09
Ahora Nación,MUNICIPAL PROVINCIAL,TOPOGRAFIA,1,1087,0.09
Ahora Nación,REGIONAL,EDUCACION,32,203,15.76
Ahora Nación,REGIONAL,INGENIERIA,23,203,11.33
Ahora Nación,REGIONAL,ADMINISTRACION,17,203,8.37
Ahora Nación,REGIONAL,CONTABILIDAD,10,203,4.93
Ahora Nación,REGIONAL,DERECHO,7,203,3.45
Ahora Nación,REGIONAL,ENFERMERIA,7,203,3.45
Ahora Nación,REGIONAL,ECONOMIA,6,203,2.96
Ahora Nación,REGIONAL,ANTROPOLOGIA,5,203,2.46
Ahora Nación,REGIONAL,TRABAJO SOCIAL,4,203,1.97
Ahora Nación,REGIONAL,BIOLOGIA,3,203,1.48
Ahora Nación,REGIONAL,ODONTOLOGIA,3,203,1.48
Ahora Nación,REGIONAL,PSICOLOGIA,3,203,1.48
Ahora Nación,REGIONAL,SOCIOLOGIA,3,203,1.48
Ahora Nación,REGIONAL,IDIOMAS,2,203,0.99
Ahora Nación,REGIONAL,MEDICINA,2,203,0.99
Ahora Nación,REGIONAL,ARQUITECTURA,1,203,0.49
Ahora Nación,REGIONAL,COMPUTACION E INFORMATICA,1,203,0.49
Ahora Nación,REGIONAL,FILOSOFIA Y TEOLOGIA,1,203,0.49
Ahora Nación,REGIONAL,HISTORIA,1,203,0.49
Ahora Nación,REGIONAL,MEDICO CIRUJANO,1,203,0.49
Ahora Nación,REGIONAL,OTROS - OFICIO TECNICO,1,203,0.49
Apra,GENERAL,INGENIERIA,152,1508,10.08
Apra,GENERAL,EDUCACION,142,1508,9.42
Apra,GENERAL,DERECHO,108,1508,7.16
Apra,GENERAL,ADMINISTRACION,82,1508,5.44
Apra,GENERAL,CONTABILIDAD,54,1508,3.58
Apra,GENERAL,CIENCIAS POLITICAS,24,1508,1.59
Apra,GENERAL,ECONOMIA,23,1508,1.53
Apra,GENERAL,CIENCIAS DE LA COMUNICACION,18,1508,1.19
Apra,GENERAL,PSICOLOGIA,16,1508,1.06
Apra,GENERAL,ARQUITECTURA,13,1508,0.86
Apra,GENERAL,MEDICO CIRUJANO,12,1508,0.8
Apra,GENERAL,ODONTOLOGIA,12,1508,0.8
Apra,GENERAL,ENFERMERIA,11,1508,0.73
Apra,GENERAL,MEDICINA,10,1508,0.66
Apra,GENERAL,OTROS - OFICIO TECNICO,10,1508,0.66
Apra,GENERAL,SOCIOLOGIA,9,1508,0.6
Apra,GENERAL,MATEMATICA Y ESTADISTICA,7,1508,0.46
Apra,GENERAL,OBSTETRICIA,7,1508,0.46
Apra,GENERAL,AGROPECUARIA,6,1508,0.4
Apra,GENERAL,BIOLOGIA,4,1508,0.27
Apra,GENERAL,COMPUTACION E INFORMATICA,4,1508,0.27
Apra,GENERAL,FARMACIA Y BIOQUIMICA,4,1508,0.27
Apra,GENERAL,IDIOMAS,4,1508,0.27
Apra,GENERAL,TURISMO Y HOTELERIA,4,1508,0.27
Apra,GENERAL,ARTE Y DISENO,3,1508,0.2
Apra,GENERAL,CIENCIAS SOCIALES,3,1508,0.2
Apra,GENERAL,GASTRONOMIA,3,1508,0.2
Apra,GENERAL,HISTORIA,3,1508,0.2
Apra,GENERAL,TECNOLOGIA MEDICA,3,1508,0.2
Apra,GENERAL,LENGUA Y LITERATURA,2,1508,0.13
Apra,GENERAL,MEDICO VETERINARIO,2,1508,0.13
Apra,GENERAL,ARQUEOLOGIA,1,1508,0.07
Apra,GENERAL,DIBUJO Y ESCULTURA,1,1508,0.07
Apra,GENERAL,FILOSOFIA Y TEOLOGIA,1,1508,0.07
Apra,GENERAL,FISICA,1,1508,0.07
Apra,GENERAL,OCEANO Y PESQUERIA,1,1508,0.07
Apra,GENERAL,POLICIA O MILITAR,1,1508,0.07
Apra,GENERAL,QUIMICA,1,1508,0.07
Apra,GENERAL,SALUD MENTAL,1,1508,0.07
Apra,GENERAL,SALUD OCUPACIONAL Y SEGURIDAD DEL TRABAJO,1,1508,0.07
Apra,MUNICIPAL DISTRITAL,INGENIERIA,87,1031,8.44
Apra,MUNICIPAL DISTRITAL,EDUCACION,81,1031,7.86
Apra,MUNICIPAL DISTRITAL,DERECHO,62,1031,6.01
Apra,MUNICIPAL DISTRITAL,ADMINISTRACION,59,1031,5.72
Apra,MUNICIPAL DISTRITAL,CONTABILIDAD,28,1031,2.72
Apra,MUNICIPAL DISTRITAL,ECONOMIA,15,1031,1.45
Apra,MUNICIPAL DISTRITAL,PSICOLOGIA,10,1031,0.97
Apra,MUNICIPAL DISTRITAL,CIENCIAS POLITICAS,9,1031,0.87
Apra,MUNICIPAL DISTRITAL,ODONTOLOGIA,9,1031,0.87
Apra,MUNICIPAL DISTRITAL,ENFERMERIA,8,1031,0.78
Apra,MUNICIPAL DISTRITAL,CIENCIAS DE LA COMUNICACION,7,1031,0.68
Apra,MUNICIPAL DISTRITAL,MEDICINA,7,1031,0.68
Apra,MUNICIPAL DISTRITAL,ARQUITECTURA,6,1031,0.58
Apra,MUNICIPAL DISTRITAL,MATEMATICA Y ESTADISTICA,6,1031,0.58
Apra,MUNICIPAL DISTRITAL,OBSTETRICIA,6,1031,0.58
Apra,MUNICIPAL DISTRITAL,MEDICO CIRUJANO,4,1031,0.39
Apra,MUNICIPAL DISTRITAL,OTROS - OFICIO TECNICO,4,1031,0.39
Apra,MUNICIPAL DISTRITAL,SOCIOLOGIA,4,1031,0.39
Apra,MUNICIPAL DISTRITAL,BIOLOGIA,3,1031,0.29
Apra,MUNICIPAL DISTRITAL,CIENCIAS SOCIALES,3,1031,0.29
Apra,MUNICIPAL DISTRITAL,FARMACIA Y BIOQUIMICA,3,1031,0.29
Apra,MUNICIPAL DISTRITAL,TURISMO Y HOTELERIA,3,1031,0.29
Apra,MUNICIPAL DISTRITAL,AGROPECUARIA,2,1031,0.19
Apra,MUNICIPAL DISTRITAL,ARTE Y DISENO,2,1031,0.19
Apra,MUNICIPAL DISTRITAL,COMPUTACION E INFORMATICA,2,1031,0.19
Apra,MUNICIPAL DISTRITAL,TECNOLOGIA MEDICA,2,1031,0.19
Apra,MUNICIPAL DISTRITAL,ARQUEOLOGIA,1,1031,0.1
Apra,MUNICIPAL DISTRITAL,DIBUJO Y ESCULTURA,1,1031,0.1
Apra,MUNICIPAL DISTRITAL,FILOSOFIA Y TEOLOGIA,1,1031,0.1
Apra,MUNICIPAL DISTRITAL,GASTRONOMIA,1,1031,0.1
Apra,MUNICIPAL DISTRITAL,HISTORIA,1,1031,0.1
Apra,MUNICIPAL DISTRITAL,IDIOMAS,1,1031,0.1
Apra,MUNICIPAL DISTRITAL,LENGUA Y LITERATURA,1,1031,0.1
Apra,MUNICIPAL DISTRITAL,POLICIA O MILITAR,1,1031,0.1
Apra,MUNICIPAL DISTRITAL,QUIMICA,1,1031,0.1
Apra,MUNICIPAL DISTRITAL,SALUD OCUPACIONAL Y SEGURIDAD DEL TRABAJO,1,1031,0.1
Apra,MUNICIPAL PROVINCIAL,INGENIERIA,55,393,13.99
Apra,MUNICIPAL PROVINCIAL,EDUCACION,46,393,11.7
Apra,MUNICIPAL PROVINCIAL,DERECHO,36,393,9.16
Apra,MUNICIPAL PROVINCIAL,CONTABILIDAD,24,393,6.11
Apra,MUNICIPAL PROVINCIAL,ADMINISTRACION,15,393,3.82
Apra,MUNICIPAL PROVINCIAL,CIENCIAS POLITICAS,12,393,3.05
Apra,MUNICIPAL PROVINCIAL,CIENCIAS DE LA COMUNICACION,8,393,2.04
Apra,MUNICIPAL PROVINCIAL,MEDICO CIRUJANO,6,393,1.53
Apra,MUNICIPAL PROVINCIAL,OTROS - OFICIO TECNICO,6,393,1.53
Apra,MUNICIPAL PROVINCIAL,ECONOMIA,5,393,1.27
Apra,MUNICIPAL PROVINCIAL,PSICOLOGIA,5,393,1.27
Apra,MUNICIPAL PROVINCIAL,SOCIOLOGIA,5,393,1.27
Apra,MUNICIPAL PROVINCIAL,ARQUITECTURA,4,393,1.02
Apra,MUNICIPAL PROVINCIAL,MEDICINA,3,393,0.76
Apra,MUNICIPAL PROVINCIAL,ODONTOLOGIA,3,393,0.76
Apra,MUNICIPAL PROVINCIAL,AGROPECUARIA,2,393,0.51
Apra,MUNICIPAL PROVINCIAL,HISTORIA,2,393,0.51
Apra,MUNICIPAL PROVINCIAL,IDIOMAS,2,393,0.51
Apra,MUNICIPAL PROVINCIAL,MEDICO VETERINARIO,2,393,0.51
Apra,MUNICIPAL PROVINCIAL,ARTE Y DISENO,1,393,0.25
Apra,MUNICIPAL PROVINCIAL,BIOLOGIA,1,393,0.25
Apra,MUNICIPAL PROVINCIAL,COMPUTACION E INFORMATICA,1,393,0.25
Apra,MUNICIPAL PROVINCIAL,ENFERMERIA,1,393,0.25
Apra,MUNICIPAL PROVINCIAL,FISICA,1,393,0.25
Apra,MUNICIPAL PROVINCIAL,GASTRONOMIA,1,393,0.25
Apra,MUNICIPAL PROVINCIAL,LENGUA Y LITERATURA,1,393,0.25
Apra,MUNICIPAL PROVINCIAL,MATEMATICA Y ESTADISTICA,1,393,0.25
Apra,MUNICIPAL PROVINCIAL,OBSTETRICIA,1,393,0.25
Apra,MUNICIPAL PROVINCIAL,OCEANO Y PESQUERIA,1,393,0.25
Apra,MUNICIPAL PROVINCIAL,TECNOLOGIA MEDICA,1,393,0.25
Apra,MUNICIPAL PROVINCIAL,TURISMO Y HOTELERIA,1,393,0.25
Apra,REGIONAL,EDUCACION,15,84,17.86
Apra,REGIONAL,DERECHO,10,84,11.9
Apra,REGIONAL,INGENIERIA,10,84,11.9
Apra,REGIONAL,ADMINISTRACION,8,84,9.52
Apra,REGIONAL,ARQUITECTURA,3,84,3.57
Apra,REGIONAL,CIENCIAS DE LA COMUNICACION,3,84,3.57
Apra,REGIONAL,CIENCIAS POLITICAS,3,84,3.57
Apra,REGIONAL,ECONOMIA,3,84,3.57
Apra,REGIONAL,AGROPECUARIA,2,84,2.38
Apra,REGIONAL,CONTABILIDAD,2,84,2.38
Apra,REGIONAL,ENFERMERIA,2,84,2.38
Apra,REGIONAL,MEDICO CIRUJANO,2,84,2.38
Apra,REGIONAL,COMPUTACION E INFORMATICA,1,84,1.19
Apra,REGIONAL,FARMACIA Y BIOQUIMICA,1,84,1.19
Apra,REGIONAL,GASTRONOMIA,1,84,1.19
Apra,REGIONAL,IDIOMAS,1,84,1.19
Apra,REGIONAL,PSICOLOGIA,1,84,1.19
Apra,REGIONAL,SALUD MENTAL,1,84,1.19
Avanza País,GENERAL,INGENIERIA,198,2226,8.89
Avanza País,GENERAL,DERECHO,194,2226,8.72
Avanza País,GENERAL,EDUCACION,137,2226,6.15
Avanza País,GENERAL,ADMINISTRACION,120,2226,5.39
Avanza País,GENERAL,CONTABILIDAD,84,2226,3.77
Avanza País,GENERAL,PSICOLOGIA,37,2226,1.66
Avanza País,GENERAL,CIENCIAS DE LA COMUNICACION,34,2226,1.53
Avanza País,GENERAL,ARQUITECTURA,33,2226,1.48
Avanza País,GENERAL,CIENCIAS POLITICAS,31,2226,1.39
Avanza País,GENERAL,ECONOMIA,31,2226,1.39
Avanza País,GENERAL,ENFERMERIA,19,2226,0.85
Avanza País,GENERAL,AGROPECUARIA,14,2226,0.63
Avanza País,GENERAL,OTROS - OFICIO TECNICO,14,2226,0.63
Avanza País,GENERAL,TURISMO Y HOTELERIA,12,2226,0.54
Avanza País,GENERAL,MEDICO CIRUJANO,11,2226,0.49
Avanza País,GENERAL,OBSTETRICIA,10,2226,0.45
Avanza País,GENERAL,POLICIA O MILITAR,9,2226,0.4
Avanza País,GENERAL,COMPUTACION E INFORMATICA,8,2226,0.36
Avanza País,GENERAL,IDIOMAS,8,2226,0.36
Avanza País,GENERAL,ODONTOLOGIA,8,2226,0.36
Avanza País,GENERAL,HISTORIA,6,2226,0.27
Avanza País,GENERAL,MEDICINA,6,2226,0.27
Avanza País,GENERAL,MEDICO VETERINARIO,6,2226,0.27
Avanza País,GENERAL,BIOLOGIA,5,2226,0.22
Avanza País,GENERAL,TECNOLOGIA MEDICA,5,2226,0.22
Avanza País,GENERAL,FARMACIA Y BIOQUIMICA,4,2226,0.18
Avanza País,GENERAL,ARTE Y DISENO,3,2226,0.13
Avanza País,GENERAL,CIENCIAS SOCIALES,3,2226,0.13
Avanza País,GENERAL,TRABAJO SOCIAL,3,2226,0.13
Avanza País,GENERAL,ANTROPOLOGIA,2,2226,0.09
Avanza País,GENERAL,ARQUEOLOGIA,2,2226,0.09
Avanza País,GENERAL,CONSTRUCCION CIVIL,2,2226,0.09
Avanza País,GENERAL,GASTRONOMIA,2,2226,0.09
Avanza País,GENERAL,CIENCIAS FORESTALES Y AMBIENTALES,1,2226,0.04
Avanza País,GENERAL,CONTRATACIONES CON EL ESTADO,1,2226,0.04
Avanza País,GENERAL,LENGUA Y LITERATURA,1,2226,0.04
Avanza País,GENERAL,LOGISTICA,1,2226,0.04
Avanza País,GENERAL,MATEMATICA Y ESTADISTICA,1,2226,0.04
Avanza País,GENERAL,TOPOGRAFIA,1,2226,0.04
Avanza País,GENERAL,URBANIZACION,1,2226,0.04
Avanza País,MUNICIPAL DISTRITAL,INGENIERIA,151,1712,8.82
Avanza País,MUNICIPAL DISTRITAL,DERECHO,113,1712,6.6
Avanza País,MUNICIPAL DISTRITAL,ADMINISTRACION,90,1712,5.26
Avanza País,MUNICIPAL DISTRITAL,EDUCACION,79,1712,4.61
Avanza País,MUNICIPAL DISTRITAL,CONTABILIDAD,58,1712,3.39
Avanza País,MUNICIPAL DISTRITAL,PSICOLOGIA,25,1712,1.46
Avanza País,MUNICIPAL DISTRITAL,ARQUITECTURA,24,1712,1.4
Avanza País,MUNICIPAL DISTRITAL,CIENCIAS DE LA COMUNICACION,24,1712,1.4
Avanza País,MUNICIPAL DISTRITAL,CIENCIAS POLITICAS,22,1712,1.29
Avanza País,MUNICIPAL DISTRITAL,ECONOMIA,20,1712,1.17
Avanza País,MUNICIPAL DISTRITAL,ENFERMERIA,14,1712,0.82
Avanza País,MUNICIPAL DISTRITAL,OTROS - OFICIO TECNICO,12,1712,0.7
Avanza País,MUNICIPAL DISTRITAL,MEDICO CIRUJANO,10,1712,0.58
Avanza País,MUNICIPAL DISTRITAL,AGROPECUARIA,8,1712,0.47
Avanza País,MUNICIPAL DISTRITAL,TURISMO Y HOTELERIA,8,1712,0.47
Avanza País,MUNICIPAL DISTRITAL,IDIOMAS,6,1712,0.35
Avanza País,MUNICIPAL DISTRITAL,OBSTETRICIA,6,1712,0.35
Avanza País,MUNICIPAL DISTRITAL,COMPUTACION E INFORMATICA,5,1712,0.29
Avanza País,MUNICIPAL DISTRITAL,ODONTOLOGIA,5,1712,0.29
Avanza País,MUNICIPAL DISTRITAL,HISTORIA,4,1712,0.23
Avanza País,MUNICIPAL DISTRITAL,MEDICINA,4,1712,0.23
Avanza País,MUNICIPAL DISTRITAL,POLICIA O MILITAR,4,1712,0.23
Avanza País,MUNICIPAL DISTRITAL,ARTE Y DISENO,3,1712,0.18
Avanza País,MUNICIPAL DISTRITAL,BIOLOGIA,3,1712,0.18
Avanza País,MUNICIPAL DISTRITAL,CIENCIAS SOCIALES,2,1712,0.12
Avanza País,MUNICIPAL DISTRITAL,CONSTRUCCION CIVIL,2,1712,0.12
Avanza País,MUNICIPAL DISTRITAL,FARMACIA Y BIOQUIMICA,2,1712,0.12
Avanza País,MUNICIPAL DISTRITAL,TECNOLOGIA MEDICA,2,1712,0.12
Avanza País,MUNICIPAL DISTRITAL,TRABAJO SOCIAL,2,1712,0.12
Avanza País,MUNICIPAL DISTRITAL,ANTROPOLOGIA,1,1712,0.06
Avanza País,MUNICIPAL DISTRITAL,CIENCIAS FORESTALES Y AMBIENTALES,1,1712,0.06
Avanza País,MUNICIPAL DISTRITAL,CONTRATACIONES CON EL ESTADO,1,1712,0.06
Avanza País,MUNICIPAL DISTRITAL,GASTRONOMIA,1,1712,0.06
Avanza País,MUNICIPAL DISTRITAL,LENGUA Y LITERATURA,1,1712,0.06
Avanza País,MUNICIPAL DISTRITAL,LOGISTICA,1,1712,0.06
Avanza País,MUNICIPAL DISTRITAL,MEDICO VETERINARIO,1,1712,0.06
Avanza País,MUNICIPAL DISTRITAL,URBANIZACION,1,1712,0.06
Avanza País,MUNICIPAL PROVINCIAL,DERECHO,53,370,14.32
Avanza País,MUNICIPAL PROVINCIAL,EDUCACION,43,370,11.62
Avanza País,MUNICIPAL PROVINCIAL,INGENIERIA,34,370,9.19
Avanza País,MUNICIPAL PROVINCIAL,ADMINISTRACION,25,370,6.76
Avanza País,MUNICIPAL PROVINCIAL,CONTABILIDAD,15,370,4.05
Avanza País,MUNICIPAL PROVINCIAL,PSICOLOGIA,9,370,2.43
Avanza País,MUNICIPAL PROVINCIAL,ECONOMIA,8,370,2.16
Avanza País,MUNICIPAL PROVINCIAL,AGROPECUARIA,6,370,1.62
Avanza País,MUNICIPAL PROVINCIAL,ARQUITECTURA,6,370,1.62
Avanza País,MUNICIPAL PROVINCIAL,CIENCIAS DE LA COMUNICACION,6,370,1.62
Avanza País,MUNICIPAL PROVINCIAL,CIENCIAS POLITICAS,5,370,1.35
Avanza País,MUNICIPAL PROVINCIAL,OBSTETRICIA,4,370,1.08
Avanza País,MUNICIPAL PROVINCIAL,TURISMO Y HOTELERIA,4,370,1.08
Avanza País,MUNICIPAL PROVINCIAL,COMPUTACION E INFORMATICA,3,370,0.81
Avanza País,MUNICIPAL PROVINCIAL,ENFERMERIA,3,370,0.81
Avanza País,MUNICIPAL PROVINCIAL,POLICIA O MILITAR,3,370,0.81
Avanza País,MUNICIPAL PROVINCIAL,HISTORIA,2,370,0.54
Avanza País,MUNICIPAL PROVINCIAL,IDIOMAS,2,370,0.54
Avanza País,MUNICIPAL PROVINCIAL,MEDICO VETERINARIO,2,370,0.54
Avanza País,MUNICIPAL PROVINCIAL,ODONTOLOGIA,2,370,0.54
Avanza País,MUNICIPAL PROVINCIAL,OTROS - OFICIO TECNICO,2,370,0.54
Avanza País,MUNICIPAL PROVINCIAL,TECNOLOGIA MEDICA,2,370,0.54
Avanza País,MUNICIPAL PROVINCIAL,ANTROPOLOGIA,1,370,0.27
Avanza País,MUNICIPAL PROVINCIAL,CIENCIAS SOCIALES,1,370,0.27
Avanza País,MUNICIPAL PROVINCIAL,GASTRONOMIA,1,370,0.27
Avanza País,MUNICIPAL PROVINCIAL,MATEMATICA Y ESTADISTICA,1,370,0.27
Avanza País,MUNICIPAL PROVINCIAL,TOPOGRAFIA,1,370,0.27
Avanza País,REGIONAL,DERECHO,28,144,19.44
Avanza País,REGIONAL,EDUCACION,15,144,10.42
Avanza País,REGIONAL,INGENIERIA,13,144,9.03
Avanza País,REGIONAL,CONTABILIDAD,11,144,7.64
Avanza País,REGIONAL,ADMINISTRACION,5,144,3.47
Avanza País,REGIONAL,CIENCIAS DE LA COMUNICACION,4,144,2.78
Avanza País,REGIONAL,CIENCIAS POLITICAS,4,144,2.78
Avanza País,REGIONAL,ARQUITECTURA,3,144,2.08
Avanza País,REGIONAL,ECONOMIA,3,144,2.08
Avanza País,REGIONAL,MEDICO VETERINARIO,3,144,2.08
Avanza País,REGIONAL,PSICOLOGIA,3,144,2.08
Avanza País,REGIONAL,ARQUEOLOGIA,2,144,1.39
Avanza País,REGIONAL,BIOLOGIA,2,144,1.39
Avanza País,REGIONAL,ENFERMERIA,2,144,1.39
Avanza País,REGIONAL,FARMACIA Y BIOQUIMICA,2,144,1.39
Avanza País,REGIONAL,MEDICINA,2,144,1.39
Avanza País,REGIONAL,POLICIA O MILITAR,2,144,1.39
Avanza País,REGIONAL,MEDICO CIRUJANO,1,144,0.69
Avanza País,REGIONAL,ODONTOLOGIA,1,144,0.69
Avanza País,REGIONAL,TECNOLOGIA MEDICA,1,144,0.69
Avanza País,REGIONAL,TRABAJO SOCIAL,1,144,0.69
Batalla Perú,GENERAL,INGENIERIA,105,1318,7.97
Batalla Perú,GENERAL,EDUCACION,86,1318,6.53
Batalla Perú,GENERAL,ADMINISTRACION,54,1318,4.1
Batalla Perú,GENERAL,DERECHO,29,1318,2.2
Batalla Perú,GENERAL,CONTABILIDAD,27,1318,2.05
Batalla Perú,GENERAL,ENFERMERIA,19,1318,1.44
Batalla Perú,GENERAL,ARQUITECTURA,15,1318,1.14
Batalla Perú,GENERAL,ECONOMIA,14,1318,1.06
Batalla Perú,GENERAL,ODONTOLOGIA,11,1318,0.83
Batalla Perú,GENERAL,CIENCIAS POLITICAS,10,1318,0.76
Batalla Perú,GENERAL,AGROPECUARIA,8,1318,0.61
Batalla Perú,GENERAL,SOCIOLOGIA,7,1318,0.53
Batalla Perú,GENERAL,TECNOLOGIA MEDICA,7,1318,0.53
Batalla Perú,GENERAL,FARMACIA Y BIOQUIMICA,6,1318,0.46
Batalla Perú,GENERAL,TRABAJO SOCIAL,6,1318,0.46
Batalla Perú,GENERAL,ANTROPOLOGIA,5,1318,0.38
Batalla Perú,GENERAL,MEDICINA,5,1318,0.38
Batalla Perú,GENERAL,MEDICO VETERINARIO,5,1318,0.38
Batalla Perú,GENERAL,PSICOLOGIA,5,1318,0.38
Batalla Perú,GENERAL,ARTE Y DISENO,4,1318,0.3
Batalla Perú,GENERAL,CIENCIAS DE LA COMUNICACION,4,1318,0.3
Batalla Perú,GENERAL,LENGUA Y LITERATURA,4,1318,0.3
Batalla Perú,GENERAL,OBSTETRICIA,4,1318,0.3
Batalla Perú,GENERAL,CIENCIAS FORESTALES Y AMBIENTALES,3,1318,0.23
Batalla Perú,GENERAL,HISTORIA,3,1318,0.23
Batalla Perú,GENERAL,NUTRICION Y DIETETICA,3,1318,0.23
Batalla Perú,GENERAL,OTROS - OFICIO TECNICO,3,1318,0.23
Batalla Perú,GENERAL,POLICIA O MILITAR,3,1318,0.23
Batalla Perú,GENERAL,FILOSOFIA Y TEOLOGIA,2,1318,0.15
Batalla Perú,GENERAL,INSTRUCTOR DEPORTIVO,2,1318,0.15
Batalla Perú,GENERAL,MEDICO CIRUJANO,2,1318,0.15
Batalla Perú,GENERAL,ANALISTA FINANCIERO,1,1318,0.08
Batalla Perú,GENERAL,BIBLIOTECARIO,1,1318,0.08
Batalla Perú,GENERAL,BIOLOGIA,1,1318,0.08
Batalla Perú,GENERAL,CIENCIAS SOCIALES,1,1318,0.08
Batalla Perú,GENERAL,COMPUTACION E INFORMATICA,1,1318,0.08
Batalla Perú,GENERAL,GASTRONOMIA,1,1318,0.08
Batalla Perú,GENERAL,IDIOMAS,1,1318,0.08
Batalla Perú,GENERAL,INDUSTRIAS ALIMENTICIAS,1,1318,0.08
Batalla Perú,GENERAL,INNOVACIONES TECNOLÓGICAS,1,1318,0.08
Batalla Perú,GENERAL,MATEMATICA Y ESTADISTICA,1,1318,0.08
Batalla Perú,MUNICIPAL DISTRITAL,EDUCACION,69,1009,6.84
Batalla Perú,MUNICIPAL DISTRITAL,INGENIERIA,61,1009,6.05
Batalla Perú,MUNICIPAL DISTRITAL,ADMINISTRACION,33,1009,3.27
Batalla Perú,MUNICIPAL DISTRITAL,DERECHO,22,1009,2.18
Batalla Perú,MUNICIPAL DISTRITAL,CONTABILIDAD,18,1009,1.78
Batalla Perú,MUNICIPAL DISTRITAL,ENFERMERIA,14,1009,1.39
Batalla Perú,MUNICIPAL DISTRITAL,ARQUITECTURA,9,1009,0.89
Batalla Perú,MUNICIPAL DISTRITAL,CIENCIAS POLITICAS,7,1009,0.69
Batalla Perú,MUNICIPAL DISTRITAL,ECONOMIA,7,1009,0.69
Batalla Perú,MUNICIPAL DISTRITAL,FARMACIA Y BIOQUIMICA,6,1009,0.59
Batalla Perú,MUNICIPAL DISTRITAL,TRABAJO SOCIAL,6,1009,0.59
Batalla Perú,MUNICIPAL DISTRITAL,AGROPECUARIA,5,1009,0.5
Batalla Perú,MUNICIPAL DISTRITAL,SOCIOLOGIA,5,1009,0.5
Batalla Perú,MUNICIPAL DISTRITAL,MEDICO VETERINARIO,4,1009,0.4
Batalla Perú,MUNICIPAL DISTRITAL,TECNOLOGIA MEDICA,4,1009,0.4
Batalla Perú,MUNICIPAL DISTRITAL,ANTROPOLOGIA,3,1009,0.3
Batalla Perú,MUNICIPAL DISTRITAL,ARTE Y DISENO,3,1009,0.3
Batalla Perú,MUNICIPAL DISTRITAL,CIENCIAS DE LA COMUNICACION,3,1009,0.3
Batalla Perú,MUNICIPAL DISTRITAL,LENGUA Y LITERATURA,3,1009,0.3
Batalla Perú,MUNICIPAL DISTRITAL,OTROS - OFICIO TECNICO,3,1009,0.3
Batalla Perú,MUNICIPAL DISTRITAL,PSICOLOGIA,3,1009,0.3
Batalla Perú,MUNICIPAL DISTRITAL,CIENCIAS FORESTALES Y AMBIENTALES,2,1009,0.2
Batalla Perú,MUNICIPAL DISTRITAL,INSTRUCTOR DEPORTIVO,2,1009,0.2
Batalla Perú,MUNICIPAL DISTRITAL,ODONTOLOGIA,2,1009,0.2
Batalla Perú,MUNICIPAL DISTRITAL,BIBLIOTECARIO,1,1009,0.1
Batalla Perú,MUNICIPAL DISTRITAL,COMPUTACION E INFORMATICA,1,1009,0.1
Batalla Perú,MUNICIPAL DISTRITAL,FILOSOFIA Y TEOLOGIA,1,1009,0.1
Batalla Perú,MUNICIPAL DISTRITAL,GASTRONOMIA,1,1009,0.1
Batalla Perú,MUNICIPAL DISTRITAL,HISTORIA,1,1009,0.1
Batalla Perú,MUNICIPAL DISTRITAL,IDIOMAS,1,1009,0.1
Batalla Perú,MUNICIPAL DISTRITAL,INDUSTRIAS ALIMENTICIAS,1,1009,0.1
Batalla Perú,MUNICIPAL DISTRITAL,OBSTETRICIA,1,1009,0.1
Batalla Perú,MUNICIPAL PROVINCIAL,INGENIERIA,35,248,14.11
Batalla Perú,MUNICIPAL PROVINCIAL,ADMINISTRACION,13,248,5.24
Batalla Perú,MUNICIPAL PROVINCIAL,EDUCACION,13,248,5.24
Batalla Perú,MUNICIPAL PROVINCIAL,ODONTOLOGIA,7,248,2.82
Batalla Perú,MUNICIPAL PROVINCIAL,ECONOMIA,6,248,2.42
Batalla Perú,MUNICIPAL PROVINCIAL,DERECHO,5,248,2.02
Batalla Perú,MUNICIPAL PROVINCIAL,ARQUITECTURA,4,248,1.61
Batalla Perú,MUNICIPAL PROVINCIAL,OBSTETRICIA,3,248,1.21
Batalla Perú,MUNICIPAL PROVINCIAL,ANTROPOLOGIA,2,248,0.81
Batalla Perú,MUNICIPAL PROVINCIAL,CIENCIAS POLITICAS,2,248,0.81
Batalla Perú,MUNICIPAL PROVINCIAL,ENFERMERIA,2,248,0.81
Batalla Perú,MUNICIPAL PROVINCIAL,MEDICINA,2,248,0.81
Batalla Perú,MUNICIPAL PROVINCIAL,POLICIA O MILITAR,2,248,0.81
Batalla Perú,MUNICIPAL PROVINCIAL,PSICOLOGIA,2,248,0.81
Batalla Perú,MUNICIPAL PROVINCIAL,SOCIOLOGIA,2,248,0.81
Batalla Perú,MUNICIPAL PROVINCIAL,AGROPECUARIA,1,248,0.4
Batalla Perú,MUNICIPAL PROVINCIAL,ARTE Y DISENO,1,248,0.4
Batalla Perú,MUNICIPAL PROVINCIAL,BIOLOGIA,1,248,0.4
Batalla Perú,MUNICIPAL PROVINCIAL,CIENCIAS SOCIALES,1,248,0.4
Batalla Perú,MUNICIPAL PROVINCIAL,CONTABILIDAD,1,248,0.4
Batalla Perú,MUNICIPAL PROVINCIAL,FILOSOFIA Y TEOLOGIA,1,248,0.4
Batalla Perú,MUNICIPAL PROVINCIAL,INNOVACIONES TECNOLÓGICAS,1,248,0.4
Batalla Perú,MUNICIPAL PROVINCIAL,LENGUA Y LITERATURA,1,248,0.4
Batalla Perú,MUNICIPAL PROVINCIAL,MEDICO CIRUJANO,1,248,0.4
Batalla Perú,MUNICIPAL PROVINCIAL,MEDICO VETERINARIO,1,248,0.4
Batalla Perú,MUNICIPAL PROVINCIAL,NUTRICION Y DIETETICA,1,248,0.4
Batalla Perú,MUNICIPAL PROVINCIAL,TECNOLOGIA MEDICA,1,248,0.4
Batalla Perú,REGIONAL,INGENIERIA,9,61,14.75
Batalla Perú,REGIONAL,ADMINISTRACION,8,61,13.11
Batalla Perú,REGIONAL,CONTABILIDAD,8,61,13.11
Batalla Perú,REGIONAL,EDUCACION,4,61,6.56
Batalla Perú,REGIONAL,ENFERMERIA,3,61,4.92
Batalla Perú,REGIONAL,MEDICINA,3,61,4.92
Batalla Perú,REGIONAL,AGROPECUARIA,2,61,3.28
Batalla Perú,REGIONAL,ARQUITECTURA,2,61,3.28
Batalla Perú,REGIONAL,DERECHO,2,61,3.28
Batalla Perú,REGIONAL,HISTORIA,2,61,3.28
Batalla Perú,REGIONAL,NUTRICION Y DIETETICA,2,61,3.28
Batalla Perú,REGIONAL,ODONTOLOGIA,2,61,3.28
Batalla Perú,REGIONAL,TECNOLOGIA MEDICA,2,61,3.28
Batalla Perú,REGIONAL,ANALISTA FINANCIERO,1,61,1.64
Batalla Perú,REGIONAL,CIENCIAS DE LA COMUNICACION,1,61,1.64
Batalla Perú,REGIONAL,CIENCIAS FORESTALES Y AMBIENTALES,1,61,1.64
Batalla Perú,REGIONAL,CIENCIAS POLITICAS,1,61,1.64
Batalla Perú,REGIONAL,ECONOMIA,1,61,1.64
Batalla Perú,REGIONAL,MATEMATICA Y ESTADISTICA,1,61,1.64
Batalla Perú,REGIONAL,MEDICO CIRUJANO,1,61,1.64
Batalla Perú,REGIONAL,POLICIA O MILITAR,1,61,1.64
Fe en el Perú,GENERAL,INGENIERIA,49,670,7.31
Fe en el Perú,GENERAL,DERECHO,39,670,5.82
Fe en el Perú,GENERAL,ADMINISTRACION,38,670,5.67
Fe en el Perú,GENERAL,EDUCACION,37,670,5.52
Fe en el Perú,GENERAL,CONTABILIDAD,32,670,4.78
Fe en el Perú,GENERAL,ECONOMIA,9,670,1.34
Fe en el Perú,GENERAL,PSICOLOGIA,9,670,1.34
Fe en el Perú,GENERAL,ODONTOLOGIA,7,670,1.04
Fe en el Perú,GENERAL,OBSTETRICIA,6,670,0.9
Fe en el Perú,GENERAL,AGROPECUARIA,5,670,0.75
Fe en el Perú,GENERAL,ARQUITECTURA,5,670,0.75
Fe en el Perú,GENERAL,CIENCIAS POLITICAS,5,670,0.75
Fe en el Perú,GENERAL,OTROS - OFICIO TECNICO,5,670,0.75
Fe en el Perú,GENERAL,ENFERMERIA,4,670,0.6
Fe en el Perú,GENERAL,MEDICINA,4,670,0.6
Fe en el Perú,GENERAL,MEDICO CIRUJANO,4,670,0.6
Fe en el Perú,GENERAL,POLICIA O MILITAR,4,670,0.6
Fe en el Perú,GENERAL,ANTROPOLOGIA,3,670,0.45
Fe en el Perú,GENERAL,CIENCIAS SOCIALES,3,670,0.45
Fe en el Perú,GENERAL,FARMACIA Y BIOQUIMICA,3,670,0.45
Fe en el Perú,GENERAL,FISICA,3,670,0.45
Fe en el Perú,GENERAL,BIOLOGIA,2,670,0.3
Fe en el Perú,GENERAL,CIENCIAS DE LA COMUNICACION,2,670,0.3
Fe en el Perú,GENERAL,CIENCIAS FORESTALES Y AMBIENTALES,2,670,0.3
Fe en el Perú,GENERAL,INSTRUCTOR DEPORTIVO,2,670,0.3
Fe en el Perú,GENERAL,MATEMATICA Y ESTADISTICA,2,670,0.3
Fe en el Perú,GENERAL,TECNOLOGIA MEDICA,2,670,0.3
Fe en el Perú,GENERAL,TRABAJO SOCIAL,2,670,0.3
Fe en el Perú,GENERAL,ARTE Y DISENO,1,670,0.15
Fe en el Perú,GENERAL,FILOSOFIA Y TEOLOGIA,1,670,0.15
Fe en el Perú,GENERAL,GASTRONOMIA,1,670,0.15
Fe en el Perú,GENERAL,HISTORIA,1,670,0.15
Fe en el Perú,GENERAL,INVESTIGACION DE DELITOS,1,670,0.15
Fe en el Perú,GENERAL,MEDICO VETERINARIO,1,670,0.15
Fe en el Perú,GENERAL,TURISMO Y HOTELERIA,1,670,0.15
Fe en el Perú,MUNICIPAL DISTRITAL,INGENIERIA,39,525,7.43
Fe en el Perú,MUNICIPAL DISTRITAL,ADMINISTRACION,27,525,5.14
Fe en el Perú,MUNICIPAL DISTRITAL,CONTABILIDAD,25,525,4.76
Fe en el Perú,MUNICIPAL DISTRITAL,EDUCACION,24,525,4.57
Fe en el Perú,MUNICIPAL DISTRITAL,DERECHO,20,525,3.81
Fe en el Perú,MUNICIPAL DISTRITAL,PSICOLOGIA,8,525,1.52
Fe en el Perú,MUNICIPAL DISTRITAL,OBSTETRICIA,6,525,1.14
Fe en el Perú,MUNICIPAL DISTRITAL,AGROPECUARIA,5,525,0.95
Fe en el Perú,MUNICIPAL DISTRITAL,ECONOMIA,5,525,0.95
Fe en el Perú,MUNICIPAL DISTRITAL,ARQUITECTURA,4,525,0.76
Fe en el Perú,MUNICIPAL DISTRITAL,OTROS - OFICIO TECNICO,4,525,0.76
Fe en el Perú,MUNICIPAL DISTRITAL,CIENCIAS POLITICAS,3,525,0.57
Fe en el Perú,MUNICIPAL DISTRITAL,FARMACIA Y BIOQUIMICA,3,525,0.57
Fe en el Perú,MUNICIPAL DISTRITAL,ODONTOLOGIA,3,525,0.57
Fe en el Perú,MUNICIPAL DISTRITAL,POLICIA O MILITAR,3,525,0.57
Fe en el Perú,MUNICIPAL DISTRITAL,ANTROPOLOGIA,2,525,0.38
Fe en el Perú,MUNICIPAL DISTRITAL,BIOLOGIA,2,525,0.38
Fe en el Perú,MUNICIPAL DISTRITAL,CIENCIAS DE LA COMUNICACION,2,525,0.38
Fe en el Perú,MUNICIPAL DISTRITAL,CIENCIAS SOCIALES,2,525,0.38
Fe en el Perú,MUNICIPAL DISTRITAL,ENFERMERIA,2,525,0.38
Fe en el Perú,MUNICIPAL DISTRITAL,FISICA,2,525,0.38
Fe en el Perú,MUNICIPAL DISTRITAL,INSTRUCTOR DEPORTIVO,2,525,0.38
Fe en el Perú,MUNICIPAL DISTRITAL,MATEMATICA Y ESTADISTICA,2,525,0.38
Fe en el Perú,MUNICIPAL DISTRITAL,MEDICINA,2,525,0.38
Fe en el Perú,MUNICIPAL DISTRITAL,TECNOLOGIA MEDICA,2,525,0.38
Fe en el Perú,MUNICIPAL DISTRITAL,CIENCIAS FORESTALES Y AMBIENTALES,1,525,0.19
Fe en el Perú,MUNICIPAL DISTRITAL,GASTRONOMIA,1,525,0.19
Fe en el Perú,MUNICIPAL DISTRITAL,HISTORIA,1,525,0.19
Fe en el Perú,MUNICIPAL DISTRITAL,INVESTIGACION DE DELITOS,1,525,0.19
Fe en el Perú,MUNICIPAL DISTRITAL,MEDICO CIRUJANO,1,525,0.19
Fe en el Perú,MUNICIPAL DISTRITAL,MEDICO VETERINARIO,1,525,0.19
Fe en el Perú,MUNICIPAL PROVINCIAL,DERECHO,13,121,10.74
Fe en el Perú,MUNICIPAL PROVINCIAL,EDUCACION,11,121,9.09
Fe en el Perú,MUNICIPAL PROVINCIAL,ADMINISTRACION,8,121,6.61
Fe en el Perú,MUNICIPAL PROVINCIAL,INGENIERIA,8,121,6.61
Fe en el Perú,MUNICIPAL PROVINCIAL,CONTABILIDAD,5,121,4.13
Fe en el Perú,MUNICIPAL PROVINCIAL,ECONOMIA,4,121,3.31
Fe en el Perú,MUNICIPAL PROVINCIAL,ODONTOLOGIA,4,121,3.31
Fe en el Perú,MUNICIPAL PROVINCIAL,CIENCIAS POLITICAS,2,121,1.65
Fe en el Perú,MUNICIPAL PROVINCIAL,MEDICO CIRUJANO,2,121,1.65
Fe en el Perú,MUNICIPAL PROVINCIAL,TRABAJO SOCIAL,2,121,1.65
Fe en el Perú,MUNICIPAL PROVINCIAL,ANTROPOLOGIA,1,121,0.83
Fe en el Perú,MUNICIPAL PROVINCIAL,ARQUITECTURA,1,121,0.83
Fe en el Perú,MUNICIPAL PROVINCIAL,ARTE Y DISENO,1,121,0.83
Fe en el Perú,MUNICIPAL PROVINCIAL,CIENCIAS FORESTALES Y AMBIENTALES,1,121,0.83
Fe en el Perú,MUNICIPAL PROVINCIAL,CIENCIAS SOCIALES,1,121,0.83
Fe en el Perú,MUNICIPAL PROVINCIAL,ENFERMERIA,1,121,0.83
Fe en el Perú,MUNICIPAL PROVINCIAL,FILOSOFIA Y TEOLOGIA,1,121,0.83
Fe en el Perú,MUNICIPAL PROVINCIAL,FISICA,1,121,0.83
Fe en el Perú,MUNICIPAL PROVINCIAL,MEDICINA,1,121,0.83
Fe en el Perú,MUNICIPAL PROVINCIAL,OTROS - OFICIO TECNICO,1,121,0.83
Fe en el Perú,MUNICIPAL PROVINCIAL,POLICIA O MILITAR,1,121,0.83
Fe en el Perú,MUNICIPAL PROVINCIAL,PSICOLOGIA,1,121,0.83
Fe en el Perú,MUNICIPAL PROVINCIAL,TURISMO Y HOTELERIA,1,121,0.83
Fe en el Perú,REGIONAL,DERECHO,6,24,25
Fe en el Perú,REGIONAL,ADMINISTRACION,3,24,12.5
Fe en el Perú,REGIONAL,CONTABILIDAD,2,24,8.33
Fe en el Perú,REGIONAL,EDUCACION,2,24,8.33
Fe en el Perú,REGIONAL,INGENIERIA,2,24,8.33
Fe en el Perú,REGIONAL,ENFERMERIA,1,24,4.17
Fe en el Perú,REGIONAL,MEDICINA,1,24,4.17
Fe en el Perú,REGIONAL,MEDICO CIRUJANO,1,24,4.17
Frente de la Esperanza 2021,GENERAL,INGENIERIA,132,1372,9.62
Frente de la Esperanza 2021,GENERAL,EDUCACION,128,1372,9.33
Frente de la Esperanza 2021,GENERAL,DERECHO,57,1372,4.15
Frente de la Esperanza 2021,GENERAL,CONTABILIDAD,42,1372,3.06
Frente de la Esperanza 2021,GENERAL,ADMINISTRACION,39,1372,2.84
Frente de la Esperanza 2021,GENERAL,ENFERMERIA,25,1372,1.82
Frente de la Esperanza 2021,GENERAL,CIENCIAS POLITICAS,16,1372,1.17
Frente de la Esperanza 2021,GENERAL,AGROPECUARIA,13,1372,0.95
Frente de la Esperanza 2021,GENERAL,CIENCIAS DE LA COMUNICACION,12,1372,0.87
Frente de la Esperanza 2021,GENERAL,PSICOLOGIA,11,1372,0.8
Frente de la Esperanza 2021,GENERAL,ECONOMIA,9,1372,0.66
Frente de la Esperanza 2021,GENERAL,OTROS - OFICIO TECNICO,9,1372,0.66
Frente de la Esperanza 2021,GENERAL,ARTE Y DISENO,6,1372,0.44
Frente de la Esperanza 2021,GENERAL,OBSTETRICIA,6,1372,0.44
Frente de la Esperanza 2021,GENERAL,ODONTOLOGIA,6,1372,0.44
Frente de la Esperanza 2021,GENERAL,ARQUITECTURA,4,1372,0.29
Frente de la Esperanza 2021,GENERAL,CIENCIAS FORESTALES Y AMBIENTALES,4,1372,0.29
Frente de la Esperanza 2021,GENERAL,MEDICO CIRUJANO,4,1372,0.29
Frente de la Esperanza 2021,GENERAL,BIOLOGIA,3,1372,0.22
Frente de la Esperanza 2021,GENERAL,HISTORIA,3,1372,0.22
Frente de la Esperanza 2021,GENERAL,IDIOMAS,3,1372,0.22
Frente de la Esperanza 2021,GENERAL,MEDICO VETERINARIO,3,1372,0.22
Frente de la Esperanza 2021,GENERAL,CIENCIAS SOCIALES,2,1372,0.15
Frente de la Esperanza 2021,GENERAL,COMPUTACION E INFORMATICA,2,1372,0.15
Frente de la Esperanza 2021,GENERAL,FARMACIA Y BIOQUIMICA,2,1372,0.15
Frente de la Esperanza 2021,GENERAL,MEDICINA,2,1372,0.15
Frente de la Esperanza 2021,GENERAL,NUTRICION Y DIETETICA,2,1372,0.15
Frente de la Esperanza 2021,GENERAL,POLICIA O MILITAR,2,1372,0.15
Frente de la Esperanza 2021,GENERAL,TECNOLOGIA MEDICA,2,1372,0.15
Frente de la Esperanza 2021,GENERAL,TURISMO Y HOTELERIA,2,1372,0.15
Frente de la Esperanza 2021,GENERAL,ARQUEOLOGIA,1,1372,0.07
Frente de la Esperanza 2021,GENERAL,CARPINTERIA,1,1372,0.07
Frente de la Esperanza 2021,GENERAL,FILOSOFIA Y TEOLOGIA,1,1372,0.07
Frente de la Esperanza 2021,GENERAL,GASTRONOMIA,1,1372,0.07
Frente de la Esperanza 2021,GENERAL,MATEMATICA Y ESTADISTICA,1,1372,0.07
Frente de la Esperanza 2021,GENERAL,QUIMICA,1,1372,0.07
Frente de la Esperanza 2021,GENERAL,SOCIOLOGIA,1,1372,0.07
Frente de la Esperanza 2021,MUNICIPAL DISTRITAL,INGENIERIA,85,1032,8.24
Frente de la Esperanza 2021,MUNICIPAL DISTRITAL,EDUCACION,82,1032,7.95
Frente de la Esperanza 2021,MUNICIPAL DISTRITAL,ADMINISTRACION,31,1032,3
Frente de la Esperanza 2021,MUNICIPAL DISTRITAL,DERECHO,31,1032,3
Frente de la Esperanza 2021,MUNICIPAL DISTRITAL,CONTABILIDAD,29,1032,2.81
Frente de la Esperanza 2021,MUNICIPAL DISTRITAL,ENFERMERIA,19,1032,1.84
Frente de la Esperanza 2021,MUNICIPAL DISTRITAL,AGROPECUARIA,9,1032,0.87
Frente de la Esperanza 2021,MUNICIPAL DISTRITAL,CIENCIAS DE LA COMUNICACION,9,1032,0.87
Frente de la Esperanza 2021,MUNICIPAL DISTRITAL,CIENCIAS POLITICAS,9,1032,0.87
Frente de la Esperanza 2021,MUNICIPAL DISTRITAL,ECONOMIA,7,1032,0.68
Frente de la Esperanza 2021,MUNICIPAL DISTRITAL,OTROS - OFICIO TECNICO,7,1032,0.68
Frente de la Esperanza 2021,MUNICIPAL DISTRITAL,PSICOLOGIA,7,1032,0.68
Frente de la Esperanza 2021,MUNICIPAL DISTRITAL,ARQUITECTURA,4,1032,0.39
Frente de la Esperanza 2021,MUNICIPAL DISTRITAL,ARTE Y DISENO,4,1032,0.39
Frente de la Esperanza 2021,MUNICIPAL DISTRITAL,ODONTOLOGIA,4,1032,0.39
Frente de la Esperanza 2021,MUNICIPAL DISTRITAL,MEDICO CIRUJANO,3,1032,0.29
Frente de la Esperanza 2021,MUNICIPAL DISTRITAL,OBSTETRICIA,3,1032,0.29
Frente de la Esperanza 2021,MUNICIPAL DISTRITAL,CIENCIAS FORESTALES Y AMBIENTALES,2,1032,0.19
Frente de la Esperanza 2021,MUNICIPAL DISTRITAL,COMPUTACION E INFORMATICA,2,1032,0.19
Frente de la Esperanza 2021,MUNICIPAL DISTRITAL,FARMACIA Y BIOQUIMICA,2,1032,0.19
Frente de la Esperanza 2021,MUNICIPAL DISTRITAL,HISTORIA,2,1032,0.19
Frente de la Esperanza 2021,MUNICIPAL DISTRITAL,IDIOMAS,2,1032,0.19
Frente de la Esperanza 2021,MUNICIPAL DISTRITAL,NUTRICION Y DIETETICA,2,1032,0.19
Frente de la Esperanza 2021,MUNICIPAL DISTRITAL,ARQUEOLOGIA,1,1032,0.1
Frente de la Esperanza 2021,MUNICIPAL DISTRITAL,BIOLOGIA,1,1032,0.1
Frente de la Esperanza 2021,MUNICIPAL DISTRITAL,CARPINTERIA,1,1032,0.1
Frente de la Esperanza 2021,MUNICIPAL DISTRITAL,GASTRONOMIA,1,1032,0.1
Frente de la Esperanza 2021,MUNICIPAL DISTRITAL,MATEMATICA Y ESTADISTICA,1,1032,0.1
Frente de la Esperanza 2021,MUNICIPAL DISTRITAL,POLICIA O MILITAR,1,1032,0.1
Frente de la Esperanza 2021,MUNICIPAL DISTRITAL,QUIMICA,1,1032,0.1
Frente de la Esperanza 2021,MUNICIPAL DISTRITAL,SOCIOLOGIA,1,1032,0.1
Frente de la Esperanza 2021,MUNICIPAL DISTRITAL,TURISMO Y HOTELERIA,1,1032,0.1
Frente de la Esperanza 2021,MUNICIPAL PROVINCIAL,INGENIERIA,42,289,14.53
Frente de la Esperanza 2021,MUNICIPAL PROVINCIAL,EDUCACION,40,289,13.84
Frente de la Esperanza 2021,MUNICIPAL PROVINCIAL,DERECHO,24,289,8.3
Frente de la Esperanza 2021,MUNICIPAL PROVINCIAL,CONTABILIDAD,13,289,4.5
Frente de la Esperanza 2021,MUNICIPAL PROVINCIAL,ADMINISTRACION,8,289,2.77
Frente de la Esperanza 2021,MUNICIPAL PROVINCIAL,CIENCIAS POLITICAS,7,289,2.42
Frente de la Esperanza 2021,MUNICIPAL PROVINCIAL,ENFERMERIA,6,289,2.08
Frente de la Esperanza 2021,MUNICIPAL PROVINCIAL,AGROPECUARIA,4,289,1.38
Frente de la Esperanza 2021,MUNICIPAL PROVINCIAL,PSICOLOGIA,4,289,1.38
Frente de la Esperanza 2021,MUNICIPAL PROVINCIAL,CIENCIAS DE LA COMUNICACION,3,289,1.04
Frente de la Esperanza 2021,MUNICIPAL PROVINCIAL,OBSTETRICIA,3,289,1.04
Frente de la Esperanza 2021,MUNICIPAL PROVINCIAL,ARTE Y DISENO,2,289,0.69
Frente de la Esperanza 2021,MUNICIPAL PROVINCIAL,BIOLOGIA,2,289,0.69
Frente de la Esperanza 2021,MUNICIPAL PROVINCIAL,CIENCIAS SOCIALES,2,289,0.69
Frente de la Esperanza 2021,MUNICIPAL PROVINCIAL,MEDICINA,2,289,0.69
Frente de la Esperanza 2021,MUNICIPAL PROVINCIAL,MEDICO VETERINARIO,2,289,0.69
Frente de la Esperanza 2021,MUNICIPAL PROVINCIAL,ODONTOLOGIA,2,289,0.69
Frente de la Esperanza 2021,MUNICIPAL PROVINCIAL,OTROS - OFICIO TECNICO,2,289,0.69
Frente de la Esperanza 2021,MUNICIPAL PROVINCIAL,TECNOLOGIA MEDICA,2,289,0.69
Frente de la Esperanza 2021,MUNICIPAL PROVINCIAL,CIENCIAS FORESTALES Y AMBIENTALES,1,289,0.35
Frente de la Esperanza 2021,MUNICIPAL PROVINCIAL,ECONOMIA,1,289,0.35
Frente de la Esperanza 2021,MUNICIPAL PROVINCIAL,FILOSOFIA Y TEOLOGIA,1,289,0.35
Frente de la Esperanza 2021,MUNICIPAL PROVINCIAL,HISTORIA,1,289,0.35
Frente de la Esperanza 2021,MUNICIPAL PROVINCIAL,IDIOMAS,1,289,0.35
Frente de la Esperanza 2021,MUNICIPAL PROVINCIAL,MEDICO CIRUJANO,1,289,0.35
Frente de la Esperanza 2021,MUNICIPAL PROVINCIAL,POLICIA O MILITAR,1,289,0.35
Frente de la Esperanza 2021,MUNICIPAL PROVINCIAL,TURISMO Y HOTELERIA,1,289,0.35
Frente de la Esperanza 2021,REGIONAL,EDUCACION,6,51,11.76
Frente de la Esperanza 2021,REGIONAL,INGENIERIA,5,51,9.8
Frente de la Esperanza 2021,REGIONAL,DERECHO,2,51,3.92
Frente de la Esperanza 2021,REGIONAL,CIENCIAS FORESTALES Y AMBIENTALES,1,51,1.96
Frente de la Esperanza 2021,REGIONAL,ECONOMIA,1,51,1.96
Frente de la Esperanza 2021,REGIONAL,MEDICO VETERINARIO,1,51,1.96
Frepap,GENERAL,EDUCACION,63,1248,5.05
Frepap,GENERAL,INGENIERIA,38,1248,3.04
Frepap,GENERAL,ADMINISTRACION,23,1248,1.84
Frepap,GENERAL,CONTABILIDAD,14,1248,1.12
Frepap,GENERAL,DERECHO,13,1248,1.04
Frepap,GENERAL,OTROS - OFICIO TECNICO,13,1248,1.04
Frepap,GENERAL,PSICOLOGIA,8,1248,0.64
Frepap,GENERAL,FARMACIA Y BIOQUIMICA,6,1248,0.48
Frepap,GENERAL,ARQUITECTURA,5,1248,0.4
Frepap,GENERAL,CIENCIAS POLITICAS,5,1248,0.4
Frepap,GENERAL,COMPUTACION E INFORMATICA,5,1248,0.4
Frepap,GENERAL,IDIOMAS,5,1248,0.4
Frepap,GENERAL,CIENCIAS DE LA COMUNICACION,4,1248,0.32
Frepap,GENERAL,AGROPECUARIA,3,1248,0.24
Frepap,GENERAL,ECONOMIA,3,1248,0.24
Frepap,GENERAL,MEDICO VETERINARIO,3,1248,0.24
Frepap,GENERAL,TURISMO Y HOTELERIA,3,1248,0.24
Frepap,GENERAL,CIENCIAS SOCIALES,2,1248,0.16
Frepap,GENERAL,ENFERMERIA,2,1248,0.16
Frepap,GENERAL,MEDICINA,2,1248,0.16
Frepap,GENERAL,NUTRICION Y DIETETICA,2,1248,0.16
Frepap,GENERAL,ODONTOLOGIA,2,1248,0.16
Frepap,GENERAL,ARTE Y DISENO,1,1248,0.08
Frepap,GENERAL,CIENCIAS FORESTALES Y AMBIENTALES,1,1248,0.08
Frepap,GENERAL,MATEMATICA Y ESTADISTICA,1,1248,0.08
Frepap,GENERAL,OBSTETRICIA,1,1248,0.08
Frepap,MUNICIPAL DISTRITAL,EDUCACION,24,416,5.77
Frepap,MUNICIPAL DISTRITAL,ADMINISTRACION,12,416,2.88
Frepap,MUNICIPAL DISTRITAL,INGENIERIA,12,416,2.88
Frepap,MUNICIPAL DISTRITAL,DERECHO,5,416,1.2
Frepap,MUNICIPAL DISTRITAL,OTROS - OFICIO TECNICO,5,416,1.2
Frepap,MUNICIPAL DISTRITAL,CONTABILIDAD,4,416,0.96
Frepap,MUNICIPAL DISTRITAL,PSICOLOGIA,4,416,0.96
Frepap,MUNICIPAL DISTRITAL,CIENCIAS DE LA COMUNICACION,3,416,0.72
Frepap,MUNICIPAL DISTRITAL,COMPUTACION E INFORMATICA,3,416,0.72
Frepap,MUNICIPAL DISTRITAL,FARMACIA Y BIOQUIMICA,3,416,0.72
Frepap,MUNICIPAL DISTRITAL,IDIOMAS,3,416,0.72
Frepap,MUNICIPAL DISTRITAL,CIENCIAS POLITICAS,2,416,0.48
Frepap,MUNICIPAL DISTRITAL,ECONOMIA,2,416,0.48
Frepap,MUNICIPAL DISTRITAL,ODONTOLOGIA,2,416,0.48
Frepap,MUNICIPAL DISTRITAL,ARQUITECTURA,1,416,0.24
Frepap,MUNICIPAL DISTRITAL,CIENCIAS SOCIALES,1,416,0.24
Frepap,MUNICIPAL DISTRITAL,MEDICO VETERINARIO,1,416,0.24
Frepap,MUNICIPAL DISTRITAL,OBSTETRICIA,1,416,0.24
Frepap,MUNICIPAL PROVINCIAL,EDUCACION,31,584,5.31
Frepap,MUNICIPAL PROVINCIAL,INGENIERIA,23,584,3.94
Frepap,MUNICIPAL PROVINCIAL,ADMINISTRACION,9,584,1.54
Frepap,MUNICIPAL PROVINCIAL,CONTABILIDAD,8,584,1.37
Frepap,MUNICIPAL PROVINCIAL,OTROS - OFICIO TECNICO,7,584,1.2
Frepap,MUNICIPAL PROVINCIAL,DERECHO,6,584,1.03
Frepap,MUNICIPAL PROVINCIAL,ARQUITECTURA,4,584,0.68
Frepap,MUNICIPAL PROVINCIAL,PSICOLOGIA,4,584,0.68
Frepap,MUNICIPAL PROVINCIAL,AGROPECUARIA,2,584,0.34
Frepap,MUNICIPAL PROVINCIAL,CIENCIAS POLITICAS,2,584,0.34
Frepap,MUNICIPAL PROVINCIAL,ENFERMERIA,2,584,0.34
Frepap,MUNICIPAL PROVINCIAL,FARMACIA Y BIOQUIMICA,2,584,0.34
Frepap,MUNICIPAL PROVINCIAL,IDIOMAS,2,584,0.34
Frepap,MUNICIPAL PROVINCIAL,MEDICO VETERINARIO,2,584,0.34
Frepap,MUNICIPAL PROVINCIAL,TURISMO Y HOTELERIA,2,584,0.34
Frepap,MUNICIPAL PROVINCIAL,ARTE Y DISENO,1,584,0.17
Frepap,MUNICIPAL PROVINCIAL,CIENCIAS DE LA COMUNICACION,1,584,0.17
Frepap,MUNICIPAL PROVINCIAL,CIENCIAS FORESTALES Y AMBIENTALES,1,584,0.17
Frepap,MUNICIPAL PROVINCIAL,CIENCIAS SOCIALES,1,584,0.17
Frepap,MUNICIPAL PROVINCIAL,ECONOMIA,1,584,0.17
Frepap,MUNICIPAL PROVINCIAL,MATEMATICA Y ESTADISTICA,1,584,0.17
Frepap,MUNICIPAL PROVINCIAL,MEDICINA,1,584,0.17
Frepap,REGIONAL,EDUCACION,8,248,3.23
Frepap,REGIONAL,INGENIERIA,3,248,1.21
Frepap,REGIONAL,ADMINISTRACION,2,248,0.81
Frepap,REGIONAL,COMPUTACION E INFORMATICA,2,248,0.81
Frepap,REGIONAL,CONTABILIDAD,2,248,0.81
Frepap,REGIONAL,DERECHO,2,248,0.81
Frepap,REGIONAL,NUTRICION Y DIETETICA,2,248,0.81
Frepap,REGIONAL,AGROPECUARIA,1,248,0.4
Frepap,REGIONAL,CIENCIAS POLITICAS,1,248,0.4
Frepap,REGIONAL,FARMACIA Y BIOQUIMICA,1,248,0.4
Frepap,REGIONAL,MEDICINA,1,248,0.4
Frepap,REGIONAL,OTROS - OFICIO TECNICO,1,248,0.4
Frepap,REGIONAL,TURISMO Y HOTELERIA,1,248,0.4
Fuerza Popular,GENERAL,INGENIERIA,183,2794,6.55
Fuerza Popular,GENERAL,EDUCACION,153,2794,5.48
Fuerza Popular,GENERAL,DERECHO,145,2794,5.19
Fuerza Popular,GENERAL,ADMINISTRACION,115,2794,4.12
Fuerza Popular,GENERAL,CONTABILIDAD,67,2794,2.4
Fuerza Popular,GENERAL,ENFERMERIA,34,2794,1.22
Fuerza Popular,GENERAL,CIENCIAS POLITICAS,30,2794,1.07
Fuerza Popular,GENERAL,ECONOMIA,29,2794,1.04
Fuerza Popular,GENERAL,PSICOLOGIA,26,2794,0.93
Fuerza Popular,GENERAL,OTROS - OFICIO TECNICO,21,2794,0.75
Fuerza Popular,GENERAL,MEDICINA,19,2794,0.68
Fuerza Popular,GENERAL,ARQUITECTURA,18,2794,0.64
Fuerza Popular,GENERAL,MEDICO CIRUJANO,18,2794,0.64
Fuerza Popular,GENERAL,OBSTETRICIA,15,2794,0.54
Fuerza Popular,GENERAL,AGROPECUARIA,14,2794,0.5
Fuerza Popular,GENERAL,CIENCIAS DE LA COMUNICACION,14,2794,0.5
Fuerza Popular,GENERAL,ODONTOLOGIA,14,2794,0.5
Fuerza Popular,GENERAL,BIOLOGIA,9,2794,0.32
Fuerza Popular,GENERAL,SOCIOLOGIA,7,2794,0.25
Fuerza Popular,GENERAL,COMPUTACION E INFORMATICA,6,2794,0.21
Fuerza Popular,GENERAL,MEDICO VETERINARIO,5,2794,0.18
Fuerza Popular,GENERAL,TECNOLOGIA MEDICA,5,2794,0.18
Fuerza Popular,GENERAL,FARMACIA Y BIOQUIMICA,4,2794,0.14
Fuerza Popular,GENERAL,INSTRUCTOR DEPORTIVO,4,2794,0.14
Fuerza Popular,GENERAL,TURISMO Y HOTELERIA,4,2794,0.14
Fuerza Popular,GENERAL,IDIOMAS,3,2794,0.11
Fuerza Popular,GENERAL,MATEMATICA Y ESTADISTICA,3,2794,0.11
Fuerza Popular,GENERAL,POLICIA O MILITAR,3,2794,0.11
Fuerza Popular,GENERAL,ANTROPOLOGIA,2,2794,0.07
Fuerza Popular,GENERAL,FILOSOFIA Y TEOLOGIA,2,2794,0.07
Fuerza Popular,GENERAL,NUTRICION Y DIETETICA,2,2794,0.07
Fuerza Popular,GENERAL,ARTE Y DISENO,1,2794,0.04
Fuerza Popular,GENERAL,CIENCIAS MARITIMAS NAVALES,1,2794,0.04
Fuerza Popular,GENERAL,CIENCIAS SOCIALES,1,2794,0.04
Fuerza Popular,GENERAL,ENERGIA SOLAR,1,2794,0.04
Fuerza Popular,GENERAL,FISIOTERAPIA Y TERAPIA FISICA,1,2794,0.04
Fuerza Popular,GENERAL,GASTRONOMIA,1,2794,0.04
Fuerza Popular,GENERAL,MARKETING,1,2794,0.04
Fuerza Popular,MUNICIPAL DISTRITAL,INGENIERIA,119,2072,5.74
Fuerza Popular,MUNICIPAL DISTRITAL,EDUCACION,94,2072,4.54
Fuerza Popular,MUNICIPAL DISTRITAL,DERECHO,79,2072,3.81
Fuerza Popular,MUNICIPAL DISTRITAL,ADMINISTRACION,71,2072,3.43
Fuerza Popular,MUNICIPAL DISTRITAL,CONTABILIDAD,39,2072,1.88
Fuerza Popular,MUNICIPAL DISTRITAL,ENFERMERIA,25,2072,1.21
Fuerza Popular,MUNICIPAL DISTRITAL,PSICOLOGIA,20,2072,0.97
Fuerza Popular,MUNICIPAL DISTRITAL,CIENCIAS POLITICAS,17,2072,0.82
Fuerza Popular,MUNICIPAL DISTRITAL,ECONOMIA,15,2072,0.72
Fuerza Popular,MUNICIPAL DISTRITAL,OBSTETRICIA,14,2072,0.68
Fuerza Popular,MUNICIPAL DISTRITAL,OTROS - OFICIO TECNICO,14,2072,0.68
Fuerza Popular,MUNICIPAL DISTRITAL,CIENCIAS DE LA COMUNICACION,13,2072,0.63
Fuerza Popular,MUNICIPAL DISTRITAL,AGROPECUARIA,12,2072,0.58
Fuerza Popular,MUNICIPAL DISTRITAL,ODONTOLOGIA,12,2072,0.58
Fuerza Popular,MUNICIPAL DISTRITAL,ARQUITECTURA,9,2072,0.43
Fuerza Popular,MUNICIPAL DISTRITAL,MEDICINA,8,2072,0.39
Fuerza Popular,MUNICIPAL DISTRITAL,MEDICO CIRUJANO,8,2072,0.39
Fuerza Popular,MUNICIPAL DISTRITAL,SOCIOLOGIA,6,2072,0.29
Fuerza Popular,MUNICIPAL DISTRITAL,COMPUTACION E INFORMATICA,4,2072,0.19
Fuerza Popular,MUNICIPAL DISTRITAL,MEDICO VETERINARIO,4,2072,0.19
Fuerza Popular,MUNICIPAL DISTRITAL,BIOLOGIA,3,2072,0.14
Fuerza Popular,MUNICIPAL DISTRITAL,FARMACIA Y BIOQUIMICA,3,2072,0.14
Fuerza Popular,MUNICIPAL DISTRITAL,INSTRUCTOR DEPORTIVO,3,2072,0.14
Fuerza Popular,MUNICIPAL DISTRITAL,TECNOLOGIA MEDICA,3,2072,0.14
Fuerza Popular,MUNICIPAL DISTRITAL,ANTROPOLOGIA,2,2072,0.1
Fuerza Popular,MUNICIPAL DISTRITAL,MATEMATICA Y ESTADISTICA,2,2072,0.1
Fuerza Popular,MUNICIPAL DISTRITAL,NUTRICION Y DIETETICA,2,2072,0.1
Fuerza Popular,MUNICIPAL DISTRITAL,POLICIA O MILITAR,2,2072,0.1
Fuerza Popular,MUNICIPAL DISTRITAL,ARTE Y DISENO,1,2072,0.05
Fuerza Popular,MUNICIPAL DISTRITAL,FILOSOFIA Y TEOLOGIA,1,2072,0.05
Fuerza Popular,MUNICIPAL DISTRITAL,GASTRONOMIA,1,2072,0.05
Fuerza Popular,MUNICIPAL DISTRITAL,IDIOMAS,1,2072,0.05
Fuerza Popular,MUNICIPAL DISTRITAL,TURISMO Y HOTELERIA,1,2072,0.05
Fuerza Popular,MUNICIPAL PROVINCIAL,INGENIERIA,57,579,9.84
Fuerza Popular,MUNICIPAL PROVINCIAL,DERECHO,52,579,8.98
Fuerza Popular,MUNICIPAL PROVINCIAL,EDUCACION,50,579,8.64
Fuerza Popular,MUNICIPAL PROVINCIAL,ADMINISTRACION,31,579,5.35
Fuerza Popular,MUNICIPAL PROVINCIAL,CONTABILIDAD,23,579,3.97
Fuerza Popular,MUNICIPAL PROVINCIAL,CIENCIAS POLITICAS,10,579,1.73
Fuerza Popular,MUNICIPAL PROVINCIAL,ECONOMIA,10,579,1.73
Fuerza Popular,MUNICIPAL PROVINCIAL,ARQUITECTURA,9,579,1.55
Fuerza Popular,MUNICIPAL PROVINCIAL,ENFERMERIA,8,579,1.38
Fuerza Popular,MUNICIPAL PROVINCIAL,MEDICINA,8,579,1.38
Fuerza Popular,MUNICIPAL PROVINCIAL,OTROS - OFICIO TECNICO,7,579,1.21
Fuerza Popular,MUNICIPAL PROVINCIAL,MEDICO CIRUJANO,6,579,1.04
Fuerza Popular,MUNICIPAL PROVINCIAL,BIOLOGIA,5,579,0.86
Fuerza Popular,MUNICIPAL PROVINCIAL,PSICOLOGIA,5,579,0.86
Fuerza Popular,MUNICIPAL PROVINCIAL,AGROPECUARIA,2,579,0.35
Fuerza Popular,MUNICIPAL PROVINCIAL,COMPUTACION E INFORMATICA,2,579,0.35
Fuerza Popular,MUNICIPAL PROVINCIAL,IDIOMAS,2,579,0.35
Fuerza Popular,MUNICIPAL PROVINCIAL,ODONTOLOGIA,2,579,0.35
Fuerza Popular,MUNICIPAL PROVINCIAL,TECNOLOGIA MEDICA,2,579,0.35
Fuerza Popular,MUNICIPAL PROVINCIAL,TURISMO Y HOTELERIA,2,579,0.35
Fuerza Popular,MUNICIPAL PROVINCIAL,CIENCIAS DE LA COMUNICACION,1,579,0.17
Fuerza Popular,MUNICIPAL PROVINCIAL,CIENCIAS MARITIMAS NAVALES,1,579,0.17
Fuerza Popular,MUNICIPAL PROVINCIAL,CIENCIAS SOCIALES,1,579,0.17
Fuerza Popular,MUNICIPAL PROVINCIAL,ENERGIA SOLAR,1,579,0.17
Fuerza Popular,MUNICIPAL PROVINCIAL,FILOSOFIA Y TEOLOGIA,1,579,0.17
Fuerza Popular,MUNICIPAL PROVINCIAL,MARKETING,1,579,0.17
Fuerza Popular,MUNICIPAL PROVINCIAL,MATEMATICA Y ESTADISTICA,1,579,0.17
Fuerza Popular,MUNICIPAL PROVINCIAL,MEDICO VETERINARIO,1,579,0.17
Fuerza Popular,MUNICIPAL PROVINCIAL,OBSTETRICIA,1,579,0.17
Fuerza Popular,MUNICIPAL PROVINCIAL,POLICIA O MILITAR,1,579,0.17
Fuerza Popular,MUNICIPAL PROVINCIAL,SOCIOLOGIA,1,579,0.17
Fuerza Popular,REGIONAL,DERECHO,14,143,9.79
Fuerza Popular,REGIONAL,ADMINISTRACION,13,143,9.09
Fuerza Popular,REGIONAL,EDUCACION,9,143,6.29
Fuerza Popular,REGIONAL,INGENIERIA,7,143,4.9
Fuerza Popular,REGIONAL,CONTABILIDAD,5,143,3.5
Fuerza Popular,REGIONAL,ECONOMIA,4,143,2.8
Fuerza Popular,REGIONAL,MEDICO CIRUJANO,4,143,2.8
Fuerza Popular,REGIONAL,CIENCIAS POLITICAS,3,143,2.1
Fuerza Popular,REGIONAL,MEDICINA,3,143,2.1
Fuerza Popular,REGIONAL,BIOLOGIA,1,143,0.7
Fuerza Popular,REGIONAL,ENFERMERIA,1,143,0.7
Fuerza Popular,REGIONAL,FARMACIA Y BIOQUIMICA,1,143,0.7
Fuerza Popular,REGIONAL,FISIOTERAPIA Y TERAPIA FISICA,1,143,0.7
Fuerza Popular,REGIONAL,INSTRUCTOR DEPORTIVO,1,143,0.7
Fuerza Popular,REGIONAL,PSICOLOGIA,1,143,0.7
Fuerza Popular,REGIONAL,TURISMO Y HOTELERIA,1,143,0.7
Juntos por el Perú,GENERAL,EDUCACION,221,1970,11.22
Juntos por el Perú,GENERAL,INGENIERIA,109,1970,5.53
Juntos por el Perú,GENERAL,DERECHO,82,1970,4.16
Juntos por el Perú,GENERAL,ADMINISTRACION,58,1970,2.94
Juntos por el Perú,GENERAL,CONTABILIDAD,43,1970,2.18
Juntos por el Perú,GENERAL,ENFERMERIA,23,1970,1.17
Juntos por el Perú,GENERAL,CIENCIAS POLITICAS,20,1970,1.02
Juntos por el Perú,GENERAL,ECONOMIA,19,1970,0.96
Juntos por el Perú,GENERAL,PSICOLOGIA,19,1970,0.96
Juntos por el Perú,GENERAL,SOCIOLOGIA,14,1970,0.71
Juntos por el Perú,GENERAL,AGROPECUARIA,11,1970,0.56
Juntos por el Perú,GENERAL,ARQUITECTURA,9,1970,0.46
Juntos por el Perú,GENERAL,CIENCIAS DE LA COMUNICACION,8,1970,0.41
Juntos por el Perú,GENERAL,MEDICO VETERINARIO,8,1970,0.41
Juntos por el Perú,GENERAL,FARMACIA Y BIOQUIMICA,5,1970,0.25
Juntos por el Perú,GENERAL,MEDICO CIRUJANO,5,1970,0.25
Juntos por el Perú,GENERAL,NUTRICION Y DIETETICA,5,1970,0.25
Juntos por el Perú,GENERAL,TURISMO Y HOTELERIA,5,1970,0.25
Juntos por el Perú,GENERAL,ARQUEOLOGIA,4,1970,0.2
Juntos por el Perú,GENERAL,OTROS - OFICIO TECNICO,4,1970,0.2
Juntos por el Perú,GENERAL,TECNOLOGIA MEDICA,4,1970,0.2
Juntos por el Perú,GENERAL,BIOLOGIA,3,1970,0.15
Juntos por el Perú,GENERAL,COMPUTACION E INFORMATICA,3,1970,0.15
Juntos por el Perú,GENERAL,INSTRUCTOR DEPORTIVO,3,1970,0.15
Juntos por el Perú,GENERAL,MATEMATICA Y ESTADISTICA,3,1970,0.15
Juntos por el Perú,GENERAL,OBSTETRICIA,3,1970,0.15
Juntos por el Perú,GENERAL,ODONTOLOGIA,3,1970,0.15
Juntos por el Perú,GENERAL,ANTROPOLOGIA,2,1970,0.1
Juntos por el Perú,GENERAL,CIENCIAS SOCIALES,2,1970,0.1
Juntos por el Perú,GENERAL,HISTORIA,2,1970,0.1
Juntos por el Perú,GENERAL,MEDICINA,2,1970,0.1
Juntos por el Perú,GENERAL,POLICIA O MILITAR,2,1970,0.1
Juntos por el Perú,GENERAL,CIENCIAS FORESTALES Y AMBIENTALES,1,1970,0.05
Juntos por el Perú,GENERAL,CONSTRUCCION CIVIL,1,1970,0.05
Juntos por el Perú,GENERAL,FISIOTERAPIA Y TERAPIA FISICA,1,1970,0.05
Juntos por el Perú,GENERAL,IDIOMAS,1,1970,0.05
Juntos por el Perú,GENERAL,LENGUA Y LITERATURA,1,1970,0.05
Juntos por el Perú,GENERAL,QUIMICA,1,1970,0.05
Juntos por el Perú,GENERAL,TRABAJO SOCIAL,1,1970,0.05
Juntos por el Perú,MUNICIPAL DISTRITAL,EDUCACION,93,1313,7.08
Juntos por el Perú,MUNICIPAL DISTRITAL,INGENIERIA,59,1313,4.49
Juntos por el Perú,MUNICIPAL DISTRITAL,DERECHO,49,1313,3.73
Juntos por el Perú,MUNICIPAL DISTRITAL,ADMINISTRACION,30,1313,2.28
Juntos por el Perú,MUNICIPAL DISTRITAL,CONTABILIDAD,24,1313,1.83
Juntos por el Perú,MUNICIPAL DISTRITAL,ENFERMERIA,13,1313,0.99
Juntos por el Perú,MUNICIPAL DISTRITAL,ECONOMIA,11,1313,0.84
Juntos por el Perú,MUNICIPAL DISTRITAL,PSICOLOGIA,10,1313,0.76
Juntos por el Perú,MUNICIPAL DISTRITAL,AGROPECUARIA,8,1313,0.61
Juntos por el Perú,MUNICIPAL DISTRITAL,CIENCIAS POLITICAS,8,1313,0.61
Juntos por el Perú,MUNICIPAL DISTRITAL,ARQUITECTURA,6,1313,0.46
Juntos por el Perú,MUNICIPAL DISTRITAL,SOCIOLOGIA,6,1313,0.46
Juntos por el Perú,MUNICIPAL DISTRITAL,CIENCIAS DE LA COMUNICACION,5,1313,0.38
Juntos por el Perú,MUNICIPAL DISTRITAL,NUTRICION Y DIETETICA,3,1313,0.23
Juntos por el Perú,MUNICIPAL DISTRITAL,OTROS - OFICIO TECNICO,3,1313,0.23
Juntos por el Perú,MUNICIPAL DISTRITAL,ARQUEOLOGIA,2,1313,0.15
Juntos por el Perú,MUNICIPAL DISTRITAL,BIOLOGIA,2,1313,0.15
Juntos por el Perú,MUNICIPAL DISTRITAL,CIENCIAS SOCIALES,2,1313,0.15
Juntos por el Perú,MUNICIPAL DISTRITAL,COMPUTACION E INFORMATICA,2,1313,0.15
Juntos por el Perú,MUNICIPAL DISTRITAL,FARMACIA Y BIOQUIMICA,2,1313,0.15
Juntos por el Perú,MUNICIPAL DISTRITAL,HISTORIA,2,1313,0.15
Juntos por el Perú,MUNICIPAL DISTRITAL,INSTRUCTOR DEPORTIVO,2,1313,0.15
Juntos por el Perú,MUNICIPAL DISTRITAL,MATEMATICA Y ESTADISTICA,2,1313,0.15
Juntos por el Perú,MUNICIPAL DISTRITAL,MEDICO CIRUJANO,2,1313,0.15
Juntos por el Perú,MUNICIPAL DISTRITAL,MEDICO VETERINARIO,2,1313,0.15
Juntos por el Perú,MUNICIPAL DISTRITAL,POLICIA O MILITAR,2,1313,0.15
Juntos por el Perú,MUNICIPAL DISTRITAL,ANTROPOLOGIA,1,1313,0.08
Juntos por el Perú,MUNICIPAL DISTRITAL,CONSTRUCCION CIVIL,1,1313,0.08
Juntos por el Perú,MUNICIPAL DISTRITAL,FISIOTERAPIA Y TERAPIA FISICA,1,1313,0.08
Juntos por el Perú,MUNICIPAL DISTRITAL,IDIOMAS,1,1313,0.08
Juntos por el Perú,MUNICIPAL PROVINCIAL,EDUCACION,113,486,23.25
Juntos por el Perú,MUNICIPAL PROVINCIAL,INGENIERIA,38,486,7.82
Juntos por el Perú,MUNICIPAL PROVINCIAL,DERECHO,27,486,5.56
Juntos por el Perú,MUNICIPAL PROVINCIAL,ADMINISTRACION,19,486,3.91
Juntos por el Perú,MUNICIPAL PROVINCIAL,CONTABILIDAD,15,486,3.09
Juntos por el Perú,MUNICIPAL PROVINCIAL,CIENCIAS POLITICAS,9,486,1.85
Juntos por el Perú,MUNICIPAL PROVINCIAL,PSICOLOGIA,9,486,1.85
Juntos por el Perú,MUNICIPAL PROVINCIAL,ECONOMIA,6,486,1.23
Juntos por el Perú,MUNICIPAL PROVINCIAL,MEDICO VETERINARIO,5,486,1.03
Juntos por el Perú,MUNICIPAL PROVINCIAL,SOCIOLOGIA,4,486,0.82
Juntos por el Perú,MUNICIPAL PROVINCIAL,TECNOLOGIA MEDICA,4,486,0.82
Juntos por el Perú,MUNICIPAL PROVINCIAL,TURISMO Y HOTELERIA,4,486,0.82
Juntos por el Perú,MUNICIPAL PROVINCIAL,ARQUITECTURA,3,486,0.62
Juntos por el Perú,MUNICIPAL PROVINCIAL,CIENCIAS DE LA COMUNICACION,3,486,0.62
Juntos por el Perú,MUNICIPAL PROVINCIAL,ENFERMERIA,3,486,0.62
Juntos por el Perú,MUNICIPAL PROVINCIAL,OBSTETRICIA,3,486,0.62
Juntos por el Perú,MUNICIPAL PROVINCIAL,ARQUEOLOGIA,2,486,0.41
Juntos por el Perú,MUNICIPAL PROVINCIAL,FARMACIA Y BIOQUIMICA,2,486,0.41
Juntos por el Perú,MUNICIPAL PROVINCIAL,NUTRICION Y DIETETICA,2,486,0.41
Juntos por el Perú,MUNICIPAL PROVINCIAL,AGROPECUARIA,1,486,0.21
Juntos por el Perú,MUNICIPAL PROVINCIAL,BIOLOGIA,1,486,0.21
Juntos por el Perú,MUNICIPAL PROVINCIAL,CIENCIAS FORESTALES Y AMBIENTALES,1,486,0.21
Juntos por el Perú,MUNICIPAL PROVINCIAL,INSTRUCTOR DEPORTIVO,1,486,0.21
Juntos por el Perú,MUNICIPAL PROVINCIAL,LENGUA Y LITERATURA,1,486,0.21
Juntos por el Perú,MUNICIPAL PROVINCIAL,MATEMATICA Y ESTADISTICA,1,486,0.21
Juntos por el Perú,MUNICIPAL PROVINCIAL,MEDICINA,1,486,0.21
Juntos por el Perú,MUNICIPAL PROVINCIAL,MEDICO CIRUJANO,1,486,0.21
Juntos por el Perú,MUNICIPAL PROVINCIAL,ODONTOLOGIA,1,486,0.21
Juntos por el Perú,MUNICIPAL PROVINCIAL,OTROS - OFICIO TECNICO,1,486,0.21
Juntos por el Perú,MUNICIPAL PROVINCIAL,QUIMICA,1,486,0.21
Juntos por el Perú,MUNICIPAL PROVINCIAL,TRABAJO SOCIAL,1,486,0.21
Juntos por el Perú,REGIONAL,EDUCACION,15,171,8.77
Juntos por el Perú,REGIONAL,INGENIERIA,12,171,7.02
Juntos por el Perú,REGIONAL,ADMINISTRACION,9,171,5.26
Juntos por el Perú,REGIONAL,ENFERMERIA,7,171,4.09
Juntos por el Perú,REGIONAL,DERECHO,6,171,3.51
Juntos por el Perú,REGIONAL,CONTABILIDAD,4,171,2.34
Juntos por el Perú,REGIONAL,SOCIOLOGIA,4,171,2.34
Juntos por el Perú,REGIONAL,CIENCIAS POLITICAS,3,171,1.75
Juntos por el Perú,REGIONAL,AGROPECUARIA,2,171,1.17
Juntos por el Perú,REGIONAL,ECONOMIA,2,171,1.17
Juntos por el Perú,REGIONAL,MEDICO CIRUJANO,2,171,1.17
Juntos por el Perú,REGIONAL,ODONTOLOGIA,2,171,1.17
Juntos por el Perú,REGIONAL,ANTROPOLOGIA,1,171,0.58
Juntos por el Perú,REGIONAL,COMPUTACION E INFORMATICA,1,171,0.58
Juntos por el Perú,REGIONAL,FARMACIA Y BIOQUIMICA,1,171,0.58
Juntos por el Perú,REGIONAL,MEDICINA,1,171,0.58
Juntos por el Perú,REGIONAL,MEDICO VETERINARIO,1,171,0.58
Juntos por el Perú,REGIONAL,TURISMO Y HOTELERIA,1,171,0.58
Libertad Popular,GENERAL,EDUCACION,170,1681,10.11
Libertad Popular,GENERAL,INGENIERIA,119,1681,7.08
Libertad Popular,GENERAL,DERECHO,52,1681,3.09
Libertad Popular,GENERAL,ADMINISTRACION,46,1681,2.74
Libertad Popular,GENERAL,CONTABILIDAD,35,1681,2.08
Libertad Popular,GENERAL,ENFERMERIA,29,1681,1.73
Libertad Popular,GENERAL,CIENCIAS POLITICAS,21,1681,1.25
Libertad Popular,GENERAL,AGROPECUARIA,18,1681,1.07
Libertad Popular,GENERAL,ECONOMIA,17,1681,1.01
Libertad Popular,GENERAL,PSICOLOGIA,17,1681,1.01
Libertad Popular,GENERAL,CIENCIAS DE LA COMUNICACION,14,1681,0.83
Libertad Popular,GENERAL,ARQUITECTURA,13,1681,0.77
Libertad Popular,GENERAL,ODONTOLOGIA,12,1681,0.71
Libertad Popular,GENERAL,MEDICO VETERINARIO,9,1681,0.54
Libertad Popular,GENERAL,FARMACIA Y BIOQUIMICA,8,1681,0.48
Libertad Popular,GENERAL,OTROS - OFICIO TECNICO,8,1681,0.48
Libertad Popular,GENERAL,TRABAJO SOCIAL,7,1681,0.42
Libertad Popular,GENERAL,SOCIOLOGIA,6,1681,0.36
Libertad Popular,GENERAL,ANTROPOLOGIA,5,1681,0.3
Libertad Popular,GENERAL,BIOLOGIA,5,1681,0.3
Libertad Popular,GENERAL,POLICIA O MILITAR,5,1681,0.3
Libertad Popular,GENERAL,TURISMO Y HOTELERIA,5,1681,0.3
Libertad Popular,GENERAL,COMPUTACION E INFORMATICA,4,1681,0.24
Libertad Popular,GENERAL,IDIOMAS,4,1681,0.24
Libertad Popular,GENERAL,LENGUA Y LITERATURA,4,1681,0.24
Libertad Popular,GENERAL,CIENCIAS SOCIALES,3,1681,0.18
Libertad Popular,GENERAL,MEDICINA,3,1681,0.18
Libertad Popular,GENERAL,OBSTETRICIA,3,1681,0.18
Libertad Popular,GENERAL,TECNOLOGIA MEDICA,3,1681,0.18
Libertad Popular,GENERAL,ARTE Y DISENO,2,1681,0.12
Libertad Popular,GENERAL,GASTRONOMIA,2,1681,0.12
Libertad Popular,GENERAL,HISTORIA,2,1681,0.12
Libertad Popular,GENERAL,MATEMATICA Y ESTADISTICA,2,1681,0.12
Libertad Popular,GENERAL,NUTRICION Y DIETETICA,2,1681,0.12
Libertad Popular,GENERAL,CRIMINOLOGIA Y CRIMINALISTICA,1,1681,0.06
Libertad Popular,GENERAL,FILOSOFIA Y TEOLOGIA,1,1681,0.06
Libertad Popular,GENERAL,MEDICO CIRUJANO,1,1681,0.06
Libertad Popular,GENERAL,PRODUCCION DE TV,1,1681,0.06
Libertad Popular,GENERAL,TOPOGRAFIA,1,1681,0.06
Libertad Popular,MUNICIPAL DISTRITAL,EDUCACION,107,1330,8.05
Libertad Popular,MUNICIPAL DISTRITAL,INGENIERIA,78,1330,5.86
Libertad Popular,MUNICIPAL DISTRITAL,DERECHO,39,1330,2.93
Libertad Popular,MUNICIPAL DISTRITAL,ADMINISTRACION,28,1330,2.11
Libertad Popular,MUNICIPAL DISTRITAL,CONTABILIDAD,28,1330,2.11
Libertad Popular,MUNICIPAL DISTRITAL,ENFERMERIA,17,1330,1.28
Libertad Popular,MUNICIPAL DISTRITAL,CIENCIAS POLITICAS,15,1330,1.13
Libertad Popular,MUNICIPAL DISTRITAL,AGROPECUARIA,14,1330,1.05
Libertad Popular,MUNICIPAL DISTRITAL,PSICOLOGIA,13,1330,0.98
Libertad Popular,MUNICIPAL DISTRITAL,CIENCIAS DE LA COMUNICACION,10,1330,0.75
Libertad Popular,MUNICIPAL DISTRITAL,ODONTOLOGIA,8,1330,0.6
Libertad Popular,MUNICIPAL DISTRITAL,ARQUITECTURA,6,1330,0.45
Libertad Popular,MUNICIPAL DISTRITAL,ECONOMIA,6,1330,0.45
Libertad Popular,MUNICIPAL DISTRITAL,FARMACIA Y BIOQUIMICA,5,1330,0.38
Libertad Popular,MUNICIPAL DISTRITAL,MEDICO VETERINARIO,5,1330,0.38
Libertad Popular,MUNICIPAL DISTRITAL,OTROS - OFICIO TECNICO,5,1330,0.38
Libertad Popular,MUNICIPAL DISTRITAL,POLICIA O MILITAR,5,1330,0.38
Libertad Popular,MUNICIPAL DISTRITAL,ANTROPOLOGIA,4,1330,0.3
Libertad Popular,MUNICIPAL DISTRITAL,IDIOMAS,4,1330,0.3
Libertad Popular,MUNICIPAL DISTRITAL,TURISMO Y HOTELERIA,4,1330,0.3
Libertad Popular,MUNICIPAL DISTRITAL,BIOLOGIA,3,1330,0.23
Libertad Popular,MUNICIPAL DISTRITAL,COMPUTACION E INFORMATICA,3,1330,0.23
Libertad Popular,MUNICIPAL DISTRITAL,LENGUA Y LITERATURA,3,1330,0.23
Libertad Popular,MUNICIPAL DISTRITAL,MEDICINA,3,1330,0.23
Libertad Popular,MUNICIPAL DISTRITAL,ARTE Y DISENO,2,1330,0.15
Libertad Popular,MUNICIPAL DISTRITAL,CIENCIAS SOCIALES,2,1330,0.15
Libertad Popular,MUNICIPAL DISTRITAL,GASTRONOMIA,2,1330,0.15
Libertad Popular,MUNICIPAL DISTRITAL,HISTORIA,2,1330,0.15
Libertad Popular,MUNICIPAL DISTRITAL,NUTRICION Y DIETETICA,2,1330,0.15
Libertad Popular,MUNICIPAL DISTRITAL,OBSTETRICIA,2,1330,0.15
Libertad Popular,MUNICIPAL DISTRITAL,SOCIOLOGIA,2,1330,0.15
Libertad Popular,MUNICIPAL DISTRITAL,TECNOLOGIA MEDICA,2,1330,0.15
Libertad Popular,MUNICIPAL DISTRITAL,MATEMATICA Y ESTADISTICA,1,1330,0.08
Libertad Popular,MUNICIPAL DISTRITAL,MEDICO CIRUJANO,1,1330,0.08
Libertad Popular,MUNICIPAL DISTRITAL,PRODUCCION DE TV,1,1330,0.08
Libertad Popular,MUNICIPAL DISTRITAL,TOPOGRAFIA,1,1330,0.08
Libertad Popular,MUNICIPAL DISTRITAL,TRABAJO SOCIAL,1,1330,0.08
Libertad Popular,MUNICIPAL PROVINCIAL,EDUCACION,51,309,16.5
Libertad Popular,MUNICIPAL PROVINCIAL,INGENIERIA,29,309,9.39
Libertad Popular,MUNICIPAL PROVINCIAL,ADMINISTRACION,17,309,5.5
Libertad Popular,MUNICIPAL PROVINCIAL,ENFERMERIA,10,309,3.24
Libertad Popular,MUNICIPAL PROVINCIAL,DERECHO,9,309,2.91
Libertad Popular,MUNICIPAL PROVINCIAL,ARQUITECTURA,7,309,2.27
Libertad Popular,MUNICIPAL PROVINCIAL,CONTABILIDAD,7,309,2.27
Libertad Popular,MUNICIPAL PROVINCIAL,ECONOMIA,7,309,2.27
Libertad Popular,MUNICIPAL PROVINCIAL,AGROPECUARIA,4,309,1.29
Libertad Popular,MUNICIPAL PROVINCIAL,CIENCIAS DE LA COMUNICACION,4,309,1.29
Libertad Popular,MUNICIPAL PROVINCIAL,MEDICO VETERINARIO,4,309,1.29
Libertad Popular,MUNICIPAL PROVINCIAL,ODONTOLOGIA,4,309,1.29
Libertad Popular,MUNICIPAL PROVINCIAL,PSICOLOGIA,4,309,1.29
Libertad Popular,MUNICIPAL PROVINCIAL,TRABAJO SOCIAL,4,309,1.29
Libertad Popular,MUNICIPAL PROVINCIAL,CIENCIAS POLITICAS,3,309,0.97
Libertad Popular,MUNICIPAL PROVINCIAL,OTROS - OFICIO TECNICO,3,309,0.97
Libertad Popular,MUNICIPAL PROVINCIAL,SOCIOLOGIA,3,309,0.97
Libertad Popular,MUNICIPAL PROVINCIAL,BIOLOGIA,2,309,0.65
Libertad Popular,MUNICIPAL PROVINCIAL,ANTROPOLOGIA,1,309,0.32
Libertad Popular,MUNICIPAL PROVINCIAL,CIENCIAS SOCIALES,1,309,0.32
Libertad Popular,MUNICIPAL PROVINCIAL,COMPUTACION E INFORMATICA,1,309,0.32
Libertad Popular,MUNICIPAL PROVINCIAL,CRIMINOLOGIA Y CRIMINALISTICA,1,309,0.32
Libertad Popular,MUNICIPAL PROVINCIAL,FARMACIA Y BIOQUIMICA,1,309,0.32
Libertad Popular,MUNICIPAL PROVINCIAL,FILOSOFIA Y TEOLOGIA,1,309,0.32
Libertad Popular,MUNICIPAL PROVINCIAL,LENGUA Y LITERATURA,1,309,0.32
Libertad Popular,MUNICIPAL PROVINCIAL,MATEMATICA Y ESTADISTICA,1,309,0.32
Libertad Popular,MUNICIPAL PROVINCIAL,OBSTETRICIA,1,309,0.32
Libertad Popular,MUNICIPAL PROVINCIAL,TECNOLOGIA MEDICA,1,309,0.32
Libertad Popular,MUNICIPAL PROVINCIAL,TURISMO Y HOTELERIA,1,309,0.32
Libertad Popular,REGIONAL,EDUCACION,12,42,28.57
Libertad Popular,REGIONAL,INGENIERIA,12,42,28.57
Libertad Popular,REGIONAL,DERECHO,4,42,9.52
Libertad Popular,REGIONAL,ECONOMIA,4,42,9.52
Libertad Popular,REGIONAL,CIENCIAS POLITICAS,3,42,7.14
Libertad Popular,REGIONAL,ENFERMERIA,2,42,4.76
Libertad Popular,REGIONAL,FARMACIA Y BIOQUIMICA,2,42,4.76
Libertad Popular,REGIONAL,TRABAJO SOCIAL,2,42,4.76
Libertad Popular,REGIONAL,ADMINISTRACION,1,42,2.38
Libertad Popular,REGIONAL,SOCIOLOGIA,1,42,2.38
Obras,GENERAL,INGENIERIA,71,734,9.67
Obras,GENERAL,EDUCACION,63,734,8.58
Obras,GENERAL,DERECHO,49,734,6.68
Obras,GENERAL,ADMINISTRACION,27,734,3.68
Obras,GENERAL,CONTABILIDAD,26,734,3.54
Obras,GENERAL,ODONTOLOGIA,12,734,1.63
Obras,GENERAL,CIENCIAS DE LA COMUNICACION,9,734,1.23
Obras,GENERAL,CIENCIAS POLITICAS,8,734,1.09
Obras,GENERAL,ENFERMERIA,7,734,0.95
Obras,GENERAL,PSICOLOGIA,7,734,0.95
Obras,GENERAL,MEDICO VETERINARIO,6,734,0.82
Obras,GENERAL,ECONOMIA,5,734,0.68
Obras,GENERAL,COMPUTACION E INFORMATICA,4,734,0.54
Obras,GENERAL,FARMACIA Y BIOQUIMICA,4,734,0.54
Obras,GENERAL,IDIOMAS,4,734,0.54
Obras,GENERAL,OTROS - OFICIO TECNICO,4,734,0.54
Obras,GENERAL,TURISMO Y HOTELERIA,4,734,0.54
Obras,GENERAL,ANTROPOLOGIA,3,734,0.41
Obras,GENERAL,ARQUITECTURA,3,734,0.41
Obras,GENERAL,OBSTETRICIA,3,734,0.41
Obras,GENERAL,SOCIOLOGIA,3,734,0.41
Obras,GENERAL,TRABAJO SOCIAL,3,734,0.41
Obras,GENERAL,AGROPECUARIA,2,734,0.27
Obras,GENERAL,ARTE Y DISENO,1,734,0.14
Obras,GENERAL,BIOLOGIA,1,734,0.14
Obras,GENERAL,CIENCIAS METEOROLOGICAS,1,734,0.14
Obras,GENERAL,MEDICO CIRUJANO,1,734,0.14
Obras,MUNICIPAL DISTRITAL,INGENIERIA,41,466,8.8
Obras,MUNICIPAL DISTRITAL,EDUCACION,34,466,7.3
Obras,MUNICIPAL DISTRITAL,DERECHO,32,466,6.87
Obras,MUNICIPAL DISTRITAL,CONTABILIDAD,16,466,3.43
Obras,MUNICIPAL DISTRITAL,ADMINISTRACION,12,466,2.58
Obras,MUNICIPAL DISTRITAL,ODONTOLOGIA,10,466,2.15
Obras,MUNICIPAL DISTRITAL,CIENCIAS DE LA COMUNICACION,7,466,1.5
Obras,MUNICIPAL DISTRITAL,ENFERMERIA,7,466,1.5
Obras,MUNICIPAL DISTRITAL,PSICOLOGIA,5,466,1.07
Obras,MUNICIPAL DISTRITAL,ECONOMIA,4,466,0.86
Obras,MUNICIPAL DISTRITAL,IDIOMAS,4,466,0.86
Obras,MUNICIPAL DISTRITAL,CIENCIAS POLITICAS,3,466,0.64
Obras,MUNICIPAL DISTRITAL,COMPUTACION E INFORMATICA,3,466,0.64
Obras,MUNICIPAL DISTRITAL,FARMACIA Y BIOQUIMICA,3,466,0.64
Obras,MUNICIPAL DISTRITAL,SOCIOLOGIA,3,466,0.64
Obras,MUNICIPAL DISTRITAL,MEDICO VETERINARIO,2,466,0.43
Obras,MUNICIPAL DISTRITAL,OTROS - OFICIO TECNICO,2,466,0.43
Obras,MUNICIPAL DISTRITAL,TURISMO Y HOTELERIA,2,466,0.43
Obras,MUNICIPAL DISTRITAL,ANTROPOLOGIA,1,466,0.21
Obras,MUNICIPAL DISTRITAL,CIENCIAS METEOROLOGICAS,1,466,0.21
Obras,MUNICIPAL DISTRITAL,MEDICO CIRUJANO,1,466,0.21
Obras,MUNICIPAL DISTRITAL,OBSTETRICIA,1,466,0.21
Obras,MUNICIPAL DISTRITAL,TRABAJO SOCIAL,1,466,0.21
Obras,MUNICIPAL PROVINCIAL,EDUCACION,21,194,10.82
Obras,MUNICIPAL PROVINCIAL,INGENIERIA,14,194,7.22
Obras,MUNICIPAL PROVINCIAL,DERECHO,11,194,5.67
Obras,MUNICIPAL PROVINCIAL,CONTABILIDAD,10,194,5.15
Obras,MUNICIPAL PROVINCIAL,ADMINISTRACION,9,194,4.64
Obras,MUNICIPAL PROVINCIAL,MEDICO VETERINARIO,4,194,2.06
Obras,MUNICIPAL PROVINCIAL,ARQUITECTURA,3,194,1.55
Obras,MUNICIPAL PROVINCIAL,CIENCIAS POLITICAS,3,194,1.55
Obras,MUNICIPAL PROVINCIAL,CIENCIAS DE LA COMUNICACION,2,194,1.03
Obras,MUNICIPAL PROVINCIAL,OBSTETRICIA,2,194,1.03
Obras,MUNICIPAL PROVINCIAL,ODONTOLOGIA,2,194,1.03
Obras,MUNICIPAL PROVINCIAL,OTROS - OFICIO TECNICO,2,194,1.03
Obras,MUNICIPAL PROVINCIAL,PSICOLOGIA,2,194,1.03
Obras,MUNICIPAL PROVINCIAL,TURISMO Y HOTELERIA,2,194,1.03
Obras,MUNICIPAL PROVINCIAL,ARTE Y DISENO,1,194,0.52
Obras,MUNICIPAL PROVINCIAL,BIOLOGIA,1,194,0.52
Obras,MUNICIPAL PROVINCIAL,COMPUTACION E INFORMATICA,1,194,0.52
Obras,MUNICIPAL PROVINCIAL,ECONOMIA,1,194,0.52
Obras,MUNICIPAL PROVINCIAL,FARMACIA Y BIOQUIMICA,1,194,0.52
Obras,REGIONAL,INGENIERIA,16,74,21.62
Obras,REGIONAL,EDUCACION,8,74,10.81
Obras,REGIONAL,ADMINISTRACION,6,74,8.11
Obras,REGIONAL,DERECHO,6,74,8.11
Obras,REGIONAL,AGROPECUARIA,2,74,2.7
Obras,REGIONAL,ANTROPOLOGIA,2,74,2.7
Obras,REGIONAL,CIENCIAS POLITICAS,2,74,2.7
Obras,REGIONAL,TRABAJO SOCIAL,2,74,2.7
PPC,GENERAL,DERECHO,139,1391,9.99
PPC,GENERAL,INGENIERIA,111,1391,7.98
PPC,GENERAL,ADMINISTRACION,85,1391,6.11
PPC,GENERAL,EDUCACION,72,1391,5.18
PPC,GENERAL,CONTABILIDAD,40,1391,2.88
PPC,GENERAL,PSICOLOGIA,30,1391,2.16
PPC,GENERAL,OTROS - OFICIO TECNICO,29,1391,2.08
PPC,GENERAL,ARQUITECTURA,26,1391,1.87
PPC,GENERAL,CIENCIAS DE LA COMUNICACION,23,1391,1.65
PPC,GENERAL,CIENCIAS POLITICAS,22,1391,1.58
PPC,GENERAL,ENFERMERIA,21,1391,1.51
PPC,GENERAL,ECONOMIA,17,1391,1.22
PPC,GENERAL,MEDICINA,12,1391,0.86
PPC,GENERAL,ODONTOLOGIA,12,1391,0.86
PPC,GENERAL,ARTE Y DISENO,11,1391,0.79
PPC,GENERAL,POLICIA O MILITAR,9,1391,0.65
PPC,GENERAL,COMPUTACION E INFORMATICA,8,1391,0.58
PPC,GENERAL,TRABAJO SOCIAL,6,1391,0.43
PPC,GENERAL,IDIOMAS,5,1391,0.36
PPC,GENERAL,OBSTETRICIA,5,1391,0.36
PPC,GENERAL,MEDICO CIRUJANO,4,1391,0.29
PPC,GENERAL,MEDICO VETERINARIO,4,1391,0.29
PPC,GENERAL,AGROPECUARIA,3,1391,0.22
PPC,GENERAL,BIOLOGIA,3,1391,0.22
PPC,GENERAL,SOCIOLOGIA,3,1391,0.22
PPC,GENERAL,FARMACIA Y BIOQUIMICA,2,1391,0.14
PPC,GENERAL,FILOSOFIA Y TEOLOGIA,2,1391,0.14
PPC,GENERAL,FISIOTERAPIA Y TERAPIA FISICA,2,1391,0.14
PPC,GENERAL,INSTRUCTOR DEPORTIVO,2,1391,0.14
PPC,GENERAL,TURISMO Y HOTELERIA,2,1391,0.14
PPC,GENERAL,CIENCIAS NAVALES,1,1391,0.07
PPC,GENERAL,CIENCIAS SOCIALES,1,1391,0.07
PPC,GENERAL,FISICA,1,1391,0.07
PPC,GENERAL,HISTORIA,1,1391,0.07
PPC,GENERAL,MATEMATICA Y ESTADISTICA,1,1391,0.07
PPC,GENERAL,QUIMICA,1,1391,0.07
PPC,GENERAL,TECNOLOGIA MEDICA,1,1391,0.07
PPC,MUNICIPAL DISTRITAL,DERECHO,86,994,8.65
PPC,MUNICIPAL DISTRITAL,INGENIERIA,67,994,6.74
PPC,MUNICIPAL DISTRITAL,EDUCACION,46,994,4.63
PPC,MUNICIPAL DISTRITAL,ADMINISTRACION,45,994,4.53
PPC,MUNICIPAL DISTRITAL,OTROS - OFICIO TECNICO,24,994,2.41
PPC,MUNICIPAL DISTRITAL,PSICOLOGIA,22,994,2.21
PPC,MUNICIPAL DISTRITAL,ARQUITECTURA,20,994,2.01
PPC,MUNICIPAL DISTRITAL,CONTABILIDAD,18,994,1.81
PPC,MUNICIPAL DISTRITAL,CIENCIAS POLITICAS,15,994,1.51
PPC,MUNICIPAL DISTRITAL,ENFERMERIA,12,994,1.21
PPC,MUNICIPAL DISTRITAL,ARTE Y DISENO,11,994,1.11
PPC,MUNICIPAL DISTRITAL,ECONOMIA,11,994,1.11
PPC,MUNICIPAL DISTRITAL,CIENCIAS DE LA COMUNICACION,10,994,1.01
PPC,MUNICIPAL DISTRITAL,MEDICINA,9,994,0.91
PPC,MUNICIPAL DISTRITAL,ODONTOLOGIA,8,994,0.8
PPC,MUNICIPAL DISTRITAL,POLICIA O MILITAR,6,994,0.6
PPC,MUNICIPAL DISTRITAL,COMPUTACION E INFORMATICA,4,994,0.4
PPC,MUNICIPAL DISTRITAL,IDIOMAS,4,994,0.4
PPC,MUNICIPAL DISTRITAL,MEDICO VETERINARIO,4,994,0.4
PPC,MUNICIPAL DISTRITAL,BIOLOGIA,3,994,0.3
PPC,MUNICIPAL DISTRITAL,SOCIOLOGIA,3,994,0.3
PPC,MUNICIPAL DISTRITAL,FARMACIA Y BIOQUIMICA,2,994,0.2
PPC,MUNICIPAL DISTRITAL,INSTRUCTOR DEPORTIVO,2,994,0.2
PPC,MUNICIPAL DISTRITAL,MEDICO CIRUJANO,2,994,0.2
PPC,MUNICIPAL DISTRITAL,TRABAJO SOCIAL,2,994,0.2
PPC,MUNICIPAL DISTRITAL,TURISMO Y HOTELERIA,2,994,0.2
PPC,MUNICIPAL DISTRITAL,AGROPECUARIA,1,994,0.1
PPC,MUNICIPAL DISTRITAL,CIENCIAS NAVALES,1,994,0.1
PPC,MUNICIPAL DISTRITAL,CIENCIAS SOCIALES,1,994,0.1
PPC,MUNICIPAL DISTRITAL,FISICA,1,994,0.1
PPC,MUNICIPAL DISTRITAL,HISTORIA,1,994,0.1
PPC,MUNICIPAL DISTRITAL,OBSTETRICIA,1,994,0.1
PPC,MUNICIPAL DISTRITAL,QUIMICA,1,994,0.1
PPC,MUNICIPAL DISTRITAL,TECNOLOGIA MEDICA,1,994,0.1
PPC,MUNICIPAL PROVINCIAL,DERECHO,38,298,12.75
PPC,MUNICIPAL PROVINCIAL,ADMINISTRACION,32,298,10.74
PPC,MUNICIPAL PROVINCIAL,INGENIERIA,31,298,10.4
PPC,MUNICIPAL PROVINCIAL,CONTABILIDAD,21,298,7.05
PPC,MUNICIPAL PROVINCIAL,EDUCACION,18,298,6.04
PPC,MUNICIPAL PROVINCIAL,CIENCIAS DE LA COMUNICACION,8,298,2.68
PPC,MUNICIPAL PROVINCIAL,CIENCIAS POLITICAS,6,298,2.01
PPC,MUNICIPAL PROVINCIAL,ECONOMIA,6,298,2.01
PPC,MUNICIPAL PROVINCIAL,ENFERMERIA,6,298,2.01
PPC,MUNICIPAL PROVINCIAL,COMPUTACION E INFORMATICA,4,298,1.34
PPC,MUNICIPAL PROVINCIAL,ODONTOLOGIA,4,298,1.34
PPC,MUNICIPAL PROVINCIAL,PSICOLOGIA,4,298,1.34
PPC,MUNICIPAL PROVINCIAL,TRABAJO SOCIAL,4,298,1.34
PPC,MUNICIPAL PROVINCIAL,ARQUITECTURA,3,298,1.01
PPC,MUNICIPAL PROVINCIAL,OBSTETRICIA,3,298,1.01
PPC,MUNICIPAL PROVINCIAL,OTROS - OFICIO TECNICO,3,298,1.01
PPC,MUNICIPAL PROVINCIAL,MEDICINA,2,298,0.67
PPC,MUNICIPAL PROVINCIAL,POLICIA O MILITAR,2,298,0.67
PPC,MUNICIPAL PROVINCIAL,AGROPECUARIA,1,298,0.34
PPC,MUNICIPAL PROVINCIAL,FILOSOFIA Y TEOLOGIA,1,298,0.34
PPC,MUNICIPAL PROVINCIAL,FISIOTERAPIA Y TERAPIA FISICA,1,298,0.34
PPC,MUNICIPAL PROVINCIAL,IDIOMAS,1,298,0.34
PPC,MUNICIPAL PROVINCIAL,MATEMATICA Y ESTADISTICA,1,298,0.34
PPC,REGIONAL,DERECHO,15,99,15.15
PPC,REGIONAL,INGENIERIA,13,99,13.13
PPC,REGIONAL,ADMINISTRACION,8,99,8.08
PPC,REGIONAL,EDUCACION,8,99,8.08
PPC,REGIONAL,CIENCIAS DE LA COMUNICACION,5,99,5.05
PPC,REGIONAL,PSICOLOGIA,4,99,4.04
PPC,REGIONAL,ARQUITECTURA,3,99,3.03
PPC,REGIONAL,ENFERMERIA,3,99,3.03
PPC,REGIONAL,MEDICO CIRUJANO,2,99,2.02
PPC,REGIONAL,OTROS - OFICIO TECNICO,2,99,2.02
PPC,REGIONAL,AGROPECUARIA,1,99,1.01
PPC,REGIONAL,CIENCIAS POLITICAS,1,99,1.01
PPC,REGIONAL,CONTABILIDAD,1,99,1.01
PPC,REGIONAL,FILOSOFIA Y TEOLOGIA,1,99,1.01
PPC,REGIONAL,FISIOTERAPIA Y TERAPIA FISICA,1,99,1.01
PPC,REGIONAL,MEDICINA,1,99,1.01
PPC,REGIONAL,OBSTETRICIA,1,99,1.01
PPC,REGIONAL,POLICIA O MILITAR,1,99,1.01
PRIN,GENERAL,EDUCACION,124,1190,10.42
PRIN,GENERAL,INGENIERIA,97,1190,8.15
PRIN,GENERAL,DERECHO,71,1190,5.97
PRIN,GENERAL,ADMINISTRACION,48,1190,4.03
PRIN,GENERAL,CONTABILIDAD,43,1190,3.61
PRIN,GENERAL,ECONOMIA,19,1190,1.6
PRIN,GENERAL,CIENCIAS DE LA COMUNICACION,15,1190,1.26
PRIN,GENERAL,CIENCIAS POLITICAS,12,1190,1.01
PRIN,GENERAL,ENFERMERIA,12,1190,1.01
PRIN,GENERAL,PSICOLOGIA,12,1190,1.01
PRIN,GENERAL,AGROPECUARIA,9,1190,0.76
PRIN,GENERAL,OTROS - OFICIO TECNICO,9,1190,0.76
PRIN,GENERAL,MEDICINA,8,1190,0.67
PRIN,GENERAL,TURISMO Y HOTELERIA,8,1190,0.67
PRIN,GENERAL,MEDICO VETERINARIO,7,1190,0.59
PRIN,GENERAL,ARQUITECTURA,6,1190,0.5
PRIN,GENERAL,FARMACIA Y BIOQUIMICA,6,1190,0.5
PRIN,GENERAL,OBSTETRICIA,6,1190,0.5
PRIN,GENERAL,ODONTOLOGIA,6,1190,0.5
PRIN,GENERAL,INSTRUCTOR DEPORTIVO,5,1190,0.42
PRIN,GENERAL,MEDICO CIRUJANO,5,1190,0.42
PRIN,GENERAL,POLICIA O MILITAR,5,1190,0.42
PRIN,GENERAL,BIOLOGIA,4,1190,0.34
PRIN,GENERAL,NUTRICION Y DIETETICA,4,1190,0.34
PRIN,GENERAL,ANTROPOLOGIA,3,1190,0.25
PRIN,GENERAL,HISTORIA,3,1190,0.25
PRIN,GENERAL,IDIOMAS,3,1190,0.25
PRIN,GENERAL,ARQUEOLOGIA,2,1190,0.17
PRIN,GENERAL,ARTE Y DISENO,2,1190,0.17
PRIN,GENERAL,FILOSOFIA Y TEOLOGIA,2,1190,0.17
PRIN,GENERAL,FISICA,2,1190,0.17
PRIN,GENERAL,MATEMATICA Y ESTADISTICA,2,1190,0.17
PRIN,GENERAL,SOCIOLOGIA,2,1190,0.17
PRIN,GENERAL,TOPOGRAFIA,2,1190,0.17
PRIN,GENERAL,CIENCIAS SOCIALES,1,1190,0.08
PRIN,GENERAL,COMPUTACION E INFORMATICA,1,1190,0.08
PRIN,GENERAL,METALURGICA,1,1190,0.08
PRIN,GENERAL,QUIMICA,1,1190,0.08
PRIN,GENERAL,SALUD OCUPACIONAL Y SEGURIDAD DEL TRABAJO,1,1190,0.08
PRIN,MUNICIPAL DISTRITAL,EDUCACION,86,908,9.47
PRIN,MUNICIPAL DISTRITAL,INGENIERIA,61,908,6.72
PRIN,MUNICIPAL DISTRITAL,DERECHO,38,908,4.19
PRIN,MUNICIPAL DISTRITAL,ADMINISTRACION,30,908,3.3
PRIN,MUNICIPAL DISTRITAL,CONTABILIDAD,30,908,3.3
PRIN,MUNICIPAL DISTRITAL,ECONOMIA,14,908,1.54
PRIN,MUNICIPAL DISTRITAL,CIENCIAS DE LA COMUNICACION,10,908,1.1
PRIN,MUNICIPAL DISTRITAL,ENFERMERIA,10,908,1.1
PRIN,MUNICIPAL DISTRITAL,AGROPECUARIA,8,908,0.88
PRIN,MUNICIPAL DISTRITAL,PSICOLOGIA,7,908,0.77
PRIN,MUNICIPAL DISTRITAL,TURISMO Y HOTELERIA,7,908,0.77
PRIN,MUNICIPAL DISTRITAL,CIENCIAS POLITICAS,6,908,0.66
PRIN,MUNICIPAL DISTRITAL,MEDICINA,6,908,0.66
PRIN,MUNICIPAL DISTRITAL,INSTRUCTOR DEPORTIVO,5,908,0.55
PRIN,MUNICIPAL DISTRITAL,OBSTETRICIA,5,908,0.55
PRIN,MUNICIPAL DISTRITAL,OTROS - OFICIO TECNICO,5,908,0.55
PRIN,MUNICIPAL DISTRITAL,ARQUITECTURA,4,908,0.44
PRIN,MUNICIPAL DISTRITAL,FARMACIA Y BIOQUIMICA,4,908,0.44
PRIN,MUNICIPAL DISTRITAL,MEDICO VETERINARIO,4,908,0.44
PRIN,MUNICIPAL DISTRITAL,ODONTOLOGIA,4,908,0.44
PRIN,MUNICIPAL DISTRITAL,HISTORIA,3,908,0.33
PRIN,MUNICIPAL DISTRITAL,IDIOMAS,3,908,0.33
PRIN,MUNICIPAL DISTRITAL,MEDICO CIRUJANO,3,908,0.33
PRIN,MUNICIPAL DISTRITAL,POLICIA O MILITAR,3,908,0.33
PRIN,MUNICIPAL DISTRITAL,ARTE Y DISENO,2,908,0.22
PRIN,MUNICIPAL DISTRITAL,BIOLOGIA,2,908,0.22
PRIN,MUNICIPAL DISTRITAL,FISICA,2,908,0.22
PRIN,MUNICIPAL DISTRITAL,SOCIOLOGIA,2,908,0.22
PRIN,MUNICIPAL DISTRITAL,ANTROPOLOGIA,1,908,0.11
PRIN,MUNICIPAL DISTRITAL,ARQUEOLOGIA,1,908,0.11
PRIN,MUNICIPAL DISTRITAL,CIENCIAS SOCIALES,1,908,0.11
PRIN,MUNICIPAL DISTRITAL,COMPUTACION E INFORMATICA,1,908,0.11
PRIN,MUNICIPAL DISTRITAL,FILOSOFIA Y TEOLOGIA,1,908,0.11
PRIN,MUNICIPAL DISTRITAL,MATEMATICA Y ESTADISTICA,1,908,0.11
PRIN,MUNICIPAL DISTRITAL,METALURGICA,1,908,0.11
PRIN,MUNICIPAL DISTRITAL,QUIMICA,1,908,0.11
PRIN,MUNICIPAL DISTRITAL,SALUD OCUPACIONAL Y SEGURIDAD DEL TRABAJO,1,908,0.11
PRIN,MUNICIPAL DISTRITAL,TOPOGRAFIA,1,908,0.11
PRIN,MUNICIPAL PROVINCIAL,EDUCACION,33,242,13.64
PRIN,MUNICIPAL PROVINCIAL,DERECHO,25,242,10.33
PRIN,MUNICIPAL PROVINCIAL,INGENIERIA,24,242,9.92
PRIN,MUNICIPAL PROVINCIAL,ADMINISTRACION,17,242,7.02
PRIN,MUNICIPAL PROVINCIAL,CONTABILIDAD,7,242,2.89
PRIN,MUNICIPAL PROVINCIAL,CIENCIAS DE LA COMUNICACION,5,242,2.07
PRIN,MUNICIPAL PROVINCIAL,ECONOMIA,5,242,2.07
PRIN,MUNICIPAL PROVINCIAL,PSICOLOGIA,5,242,2.07
PRIN,MUNICIPAL PROVINCIAL,NUTRICION Y DIETETICA,4,242,1.65
PRIN,MUNICIPAL PROVINCIAL,OTROS - OFICIO TECNICO,4,242,1.65
PRIN,MUNICIPAL PROVINCIAL,CIENCIAS POLITICAS,3,242,1.24
PRIN,MUNICIPAL PROVINCIAL,MEDICO VETERINARIO,3,242,1.24
PRIN,MUNICIPAL PROVINCIAL,ANTROPOLOGIA,2,242,0.83
PRIN,MUNICIPAL PROVINCIAL,ARQUITECTURA,2,242,0.83
PRIN,MUNICIPAL PROVINCIAL,FARMACIA Y BIOQUIMICA,2,242,0.83
PRIN,MUNICIPAL PROVINCIAL,ODONTOLOGIA,2,242,0.83
PRIN,MUNICIPAL PROVINCIAL,AGROPECUARIA,1,242,0.41
PRIN,MUNICIPAL PROVINCIAL,ARQUEOLOGIA,1,242,0.41
PRIN,MUNICIPAL PROVINCIAL,ENFERMERIA,1,242,0.41
PRIN,MUNICIPAL PROVINCIAL,MATEMATICA Y ESTADISTICA,1,242,0.41
PRIN,MUNICIPAL PROVINCIAL,MEDICINA,1,242,0.41
PRIN,MUNICIPAL PROVINCIAL,MEDICO CIRUJANO,1,242,0.41
PRIN,MUNICIPAL PROVINCIAL,OBSTETRICIA,1,242,0.41
PRIN,MUNICIPAL PROVINCIAL,POLICIA O MILITAR,1,242,0.41
PRIN,MUNICIPAL PROVINCIAL,TOPOGRAFIA,1,242,0.41
PRIN,MUNICIPAL PROVINCIAL,TURISMO Y HOTELERIA,1,242,0.41
PRIN,REGIONAL,INGENIERIA,12,40,30
PRIN,REGIONAL,DERECHO,8,40,20
PRIN,REGIONAL,CONTABILIDAD,6,40,15
PRIN,REGIONAL,EDUCACION,5,40,12.5
PRIN,REGIONAL,CIENCIAS POLITICAS,3,40,7.5
PRIN,REGIONAL,BIOLOGIA,2,40,5
PRIN,REGIONAL,ADMINISTRACION,1,40,2.5
PRIN,REGIONAL,ENFERMERIA,1,40,2.5
PRIN,REGIONAL,FILOSOFIA Y TEOLOGIA,1,40,2.5
PRIN,REGIONAL,MEDICINA,1,40,2.5
PRIN,REGIONAL,MEDICO CIRUJANO,1,40,2.5
PRIN,REGIONAL,POLICIA O MILITAR,1,40,2.5
Partido Demócrata Verde,GENERAL,EDUCACION,166,1601,10.37
Partido Demócrata Verde,GENERAL,INGENIERIA,117,1601,7.31
Partido Demócrata Verde,GENERAL,ADMINISTRACION,67,1601,4.18
Partido Demócrata Verde,GENERAL,DERECHO,64,1601,4
Partido Demócrata Verde,GENERAL,CONTABILIDAD,39,1601,2.44
Partido Demócrata Verde,GENERAL,ENFERMERIA,31,1601,1.94
Partido Demócrata Verde,GENERAL,ECONOMIA,26,1601,1.62
Partido Demócrata Verde,GENERAL,CIENCIAS POLITICAS,18,1601,1.12
Partido Demócrata Verde,GENERAL,PSICOLOGIA,11,1601,0.69
Partido Demócrata Verde,GENERAL,CIENCIAS DE LA COMUNICACION,10,1601,0.62
Partido Demócrata Verde,GENERAL,AGROPECUARIA,8,1601,0.5
Partido Demócrata Verde,GENERAL,MEDICINA,6,1601,0.37
Partido Demócrata Verde,GENERAL,ODONTOLOGIA,6,1601,0.37
Partido Demócrata Verde,GENERAL,TURISMO Y HOTELERIA,6,1601,0.37
Partido Demócrata Verde,GENERAL,BIOLOGIA,5,1601,0.31
Partido Demócrata Verde,GENERAL,COMPUTACION E INFORMATICA,5,1601,0.31
Partido Demócrata Verde,GENERAL,HISTORIA,5,1601,0.31
Partido Demócrata Verde,GENERAL,MEDICO CIRUJANO,5,1601,0.31
Partido Demócrata Verde,GENERAL,OBSTETRICIA,5,1601,0.31
Partido Demócrata Verde,GENERAL,POLICIA O MILITAR,5,1601,0.31
Partido Demócrata Verde,GENERAL,ARQUITECTURA,4,1601,0.25
Partido Demócrata Verde,GENERAL,IDIOMAS,4,1601,0.25
Partido Demócrata Verde,GENERAL,LENGUA Y LITERATURA,3,1601,0.19
Partido Demócrata Verde,GENERAL,OTROS - OFICIO TECNICO,3,1601,0.19
Partido Demócrata Verde,GENERAL,CIENCIAS FORESTALES Y AMBIENTALES,2,1601,0.12
Partido Demócrata Verde,GENERAL,FARMACIA Y BIOQUIMICA,2,1601,0.12
Partido Demócrata Verde,GENERAL,MATEMATICA Y ESTADISTICA,2,1601,0.12
Partido Demócrata Verde,GENERAL,MEDICO VETERINARIO,2,1601,0.12
Partido Demócrata Verde,GENERAL,SOCIOLOGIA,2,1601,0.12
Partido Demócrata Verde,GENERAL,TRABAJO SOCIAL,2,1601,0.12
Partido Demócrata Verde,GENERAL,ARTE Y DISENO,1,1601,0.06
Partido Demócrata Verde,GENERAL,CIENCIAS SOCIALES,1,1601,0.06
Partido Demócrata Verde,GENERAL,GASTRONOMIA,1,1601,0.06
Partido Demócrata Verde,GENERAL,NUTRICION Y DIETETICA,1,1601,0.06
Partido Demócrata Verde,GENERAL,TOPOGRAFIA,1,1601,0.06
Partido Demócrata Verde,MUNICIPAL DISTRITAL,EDUCACION,91,1186,7.67
Partido Demócrata Verde,MUNICIPAL DISTRITAL,INGENIERIA,79,1186,6.66
Partido Demócrata Verde,MUNICIPAL DISTRITAL,ADMINISTRACION,37,1186,3.12
Partido Demócrata Verde,MUNICIPAL DISTRITAL,DERECHO,36,1186,3.04
Partido Demócrata Verde,MUNICIPAL DISTRITAL,CONTABILIDAD,26,1186,2.19
Partido Demócrata Verde,MUNICIPAL DISTRITAL,ENFERMERIA,24,1186,2.02
Partido Demócrata Verde,MUNICIPAL DISTRITAL,CIENCIAS POLITICAS,9,1186,0.76
Partido Demócrata Verde,MUNICIPAL DISTRITAL,ECONOMIA,9,1186,0.76
Partido Demócrata Verde,MUNICIPAL DISTRITAL,PSICOLOGIA,8,1186,0.67
Partido Demócrata Verde,MUNICIPAL DISTRITAL,AGROPECUARIA,4,1186,0.34
Partido Demócrata Verde,MUNICIPAL DISTRITAL,COMPUTACION E INFORMATICA,4,1186,0.34
Partido Demócrata Verde,MUNICIPAL DISTRITAL,TURISMO Y HOTELERIA,4,1186,0.34
Partido Demócrata Verde,MUNICIPAL DISTRITAL,ARQUITECTURA,3,1186,0.25
Partido Demócrata Verde,MUNICIPAL DISTRITAL,OBSTETRICIA,3,1186,0.25
Partido Demócrata Verde,MUNICIPAL DISTRITAL,CIENCIAS DE LA COMUNICACION,2,1186,0.17
Partido Demócrata Verde,MUNICIPAL DISTRITAL,CIENCIAS FORESTALES Y AMBIENTALES,2,1186,0.17
Partido Demócrata Verde,MUNICIPAL DISTRITAL,HISTORIA,2,1186,0.17
Partido Demócrata Verde,MUNICIPAL DISTRITAL,IDIOMAS,2,1186,0.17
Partido Demócrata Verde,MUNICIPAL DISTRITAL,LENGUA Y LITERATURA,2,1186,0.17
Partido Demócrata Verde,MUNICIPAL DISTRITAL,MEDICINA,2,1186,0.17
Partido Demócrata Verde,MUNICIPAL DISTRITAL,MEDICO CIRUJANO,2,1186,0.17
Partido Demócrata Verde,MUNICIPAL DISTRITAL,MEDICO VETERINARIO,2,1186,0.17
Partido Demócrata Verde,MUNICIPAL DISTRITAL,OTROS - OFICIO TECNICO,2,1186,0.17
Partido Demócrata Verde,MUNICIPAL DISTRITAL,CIENCIAS SOCIALES,1,1186,0.08
Partido Demócrata Verde,MUNICIPAL DISTRITAL,GASTRONOMIA,1,1186,0.08
Partido Demócrata Verde,MUNICIPAL DISTRITAL,MATEMATICA Y ESTADISTICA,1,1186,0.08
Partido Demócrata Verde,MUNICIPAL DISTRITAL,NUTRICION Y DIETETICA,1,1186,0.08
Partido Demócrata Verde,MUNICIPAL DISTRITAL,POLICIA O MILITAR,1,1186,0.08
Partido Demócrata Verde,MUNICIPAL DISTRITAL,SOCIOLOGIA,1,1186,0.08
Partido Demócrata Verde,MUNICIPAL PROVINCIAL,EDUCACION,56,349,16.05
Partido Demócrata Verde,MUNICIPAL PROVINCIAL,INGENIERIA,28,349,8.02
Partido Demócrata Verde,MUNICIPAL PROVINCIAL,ADMINISTRACION,25,349,7.16
Partido Demócrata Verde,MUNICIPAL PROVINCIAL,DERECHO,24,349,6.88
Partido Demócrata Verde,MUNICIPAL PROVINCIAL,ECONOMIA,15,349,4.3
Partido Demócrata Verde,MUNICIPAL PROVINCIAL,CONTABILIDAD,12,349,3.44
Partido Demócrata Verde,MUNICIPAL PROVINCIAL,CIENCIAS POLITICAS,9,349,2.58
Partido Demócrata Verde,MUNICIPAL PROVINCIAL,CIENCIAS DE LA COMUNICACION,8,349,2.29
Partido Demócrata Verde,MUNICIPAL PROVINCIAL,BIOLOGIA,5,349,1.43
Partido Demócrata Verde,MUNICIPAL PROVINCIAL,ENFERMERIA,5,349,1.43
Partido Demócrata Verde,MUNICIPAL PROVINCIAL,AGROPECUARIA,4,349,1.15
Partido Demócrata Verde,MUNICIPAL PROVINCIAL,MEDICINA,4,349,1.15
Partido Demócrata Verde,MUNICIPAL PROVINCIAL,ODONTOLOGIA,4,349,1.15
Partido Demócrata Verde,MUNICIPAL PROVINCIAL,POLICIA O MILITAR,4,349,1.15
Partido Demócrata Verde,MUNICIPAL PROVINCIAL,MEDICO CIRUJANO,3,349,0.86
Partido Demócrata Verde,MUNICIPAL PROVINCIAL,PSICOLOGIA,3,349,0.86
Partido Demócrata Verde,MUNICIPAL PROVINCIAL,FARMACIA Y BIOQUIMICA,2,349,0.57
Partido Demócrata Verde,MUNICIPAL PROVINCIAL,IDIOMAS,2,349,0.57
Partido Demócrata Verde,MUNICIPAL PROVINCIAL,TRABAJO SOCIAL,2,349,0.57
Partido Demócrata Verde,MUNICIPAL PROVINCIAL,ARQUITECTURA,1,349,0.29
Partido Demócrata Verde,MUNICIPAL PROVINCIAL,ARTE Y DISENO,1,349,0.29
Partido Demócrata Verde,MUNICIPAL PROVINCIAL,COMPUTACION E INFORMATICA,1,349,0.29
Partido Demócrata Verde,MUNICIPAL PROVINCIAL,HISTORIA,1,349,0.29
Partido Demócrata Verde,MUNICIPAL PROVINCIAL,LENGUA Y LITERATURA,1,349,0.29
Partido Demócrata Verde,MUNICIPAL PROVINCIAL,MATEMATICA Y ESTADISTICA,1,349,0.29
Partido Demócrata Verde,MUNICIPAL PROVINCIAL,OTROS - OFICIO TECNICO,1,349,0.29
Partido Demócrata Verde,MUNICIPAL PROVINCIAL,SOCIOLOGIA,1,349,0.29
Partido Demócrata Verde,MUNICIPAL PROVINCIAL,TURISMO Y HOTELERIA,1,349,0.29
Partido Demócrata Verde,REGIONAL,EDUCACION,19,66,28.79
Partido Demócrata Verde,REGIONAL,INGENIERIA,10,66,15.15
Partido Demócrata Verde,REGIONAL,ADMINISTRACION,5,66,7.58
Partido Demócrata Verde,REGIONAL,DERECHO,4,66,6.06
Partido Demócrata Verde,REGIONAL,ECONOMIA,2,66,3.03
Partido Demócrata Verde,REGIONAL,ENFERMERIA,2,66,3.03
Partido Demócrata Verde,REGIONAL,HISTORIA,2,66,3.03
Partido Demócrata Verde,REGIONAL,OBSTETRICIA,2,66,3.03
Partido Demócrata Verde,REGIONAL,ODONTOLOGIA,2,66,3.03
Partido Demócrata Verde,REGIONAL,CONTABILIDAD,1,66,1.52
Partido Demócrata Verde,REGIONAL,TOPOGRAFIA,1,66,1.52
Partido Demócrata Verde,REGIONAL,TURISMO Y HOTELERIA,1,66,1.52
Partido Morado,GENERAL,INGENIERIA,77,552,13.95
Partido Morado,GENERAL,EDUCACION,46,552,8.33
Partido Morado,GENERAL,DERECHO,42,552,7.61
Partido Morado,GENERAL,ADMINISTRACION,38,552,6.88
Partido Morado,GENERAL,CONTABILIDAD,20,552,3.62
Partido Morado,GENERAL,CIENCIAS DE LA COMUNICACION,17,552,3.08
Partido Morado,GENERAL,ODONTOLOGIA,16,552,2.9
Partido Morado,GENERAL,PSICOLOGIA,14,552,2.54
Partido Morado,GENERAL,CIENCIAS POLITICAS,12,552,2.17
Partido Morado,GENERAL,ECONOMIA,10,552,1.81
Partido Morado,GENERAL,ENFERMERIA,8,552,1.45
Partido Morado,GENERAL,SOCIOLOGIA,7,552,1.27
Partido Morado,GENERAL,ARQUITECTURA,6,552,1.09
Partido Morado,GENERAL,OTROS - OFICIO TECNICO,6,552,1.09
Partido Morado,GENERAL,CIENCIAS FORESTALES Y AMBIENTALES,5,552,0.91
Partido Morado,GENERAL,IDIOMAS,5,552,0.91
Partido Morado,GENERAL,COMPUTACION E INFORMATICA,4,552,0.72
Partido Morado,GENERAL,AGROPECUARIA,3,552,0.54
Partido Morado,GENERAL,BIOLOGIA,3,552,0.54
Partido Morado,GENERAL,FILOSOFIA Y TEOLOGIA,3,552,0.54
Partido Morado,GENERAL,HISTORIA,3,552,0.54
Partido Morado,GENERAL,NUTRICION Y DIETETICA,3,552,0.54
Partido Morado,GENERAL,FARMACIA Y BIOQUIMICA,2,552,0.36
Partido Morado,GENERAL,OBSTETRICIA,2,552,0.36
Partido Morado,GENERAL,POLICIA O MILITAR,2,552,0.36
Partido Morado,GENERAL,TECNOLOGIA MEDICA,2,552,0.36
Partido Morado,GENERAL,CIENCIAS SOCIALES,1,552,0.18
Partido Morado,GENERAL,FISIOTERAPIA Y TERAPIA FISICA,1,552,0.18
Partido Morado,GENERAL,INSTRUCTOR DEPORTIVO,1,552,0.18
Partido Morado,GENERAL,MATEMATICA Y ESTADISTICA,1,552,0.18
Partido Morado,GENERAL,MEDICINA,1,552,0.18
Partido Morado,GENERAL,MEDICO CIRUJANO,1,552,0.18
Partido Morado,GENERAL,MEDICO VETERINARIO,1,552,0.18
Partido Morado,GENERAL,POLITICAS PUBLICAS,1,552,0.18
Partido Morado,GENERAL,TURISMO Y HOTELERIA,1,552,0.18
Partido Morado,MUNICIPAL DISTRITAL,INGENIERIA,60,437,13.73
Partido Morado,MUNICIPAL DISTRITAL,ADMINISTRACION,33,437,7.55
Partido Morado,MUNICIPAL DISTRITAL,EDUCACION,33,437,7.55
Partido Morado,MUNICIPAL DISTRITAL,DERECHO,31,437,7.09
Partido Morado,MUNICIPAL DISTRITAL,CONTABILIDAD,20,437,4.58
Partido Morado,MUNICIPAL DISTRITAL,CIENCIAS DE LA COMUNICACION,11,437,2.52
Partido Morado,MUNICIPAL DISTRITAL,ECONOMIA,10,437,2.29
Partido Morado,MUNICIPAL DISTRITAL,CIENCIAS POLITICAS,9,437,2.06
Partido Morado,MUNICIPAL DISTRITAL,ODONTOLOGIA,9,437,2.06
Partido Morado,MUNICIPAL DISTRITAL,PSICOLOGIA,9,437,2.06
Partido Morado,MUNICIPAL DISTRITAL,ENFERMERIA,8,437,1.83
Partido Morado,MUNICIPAL DISTRITAL,SOCIOLOGIA,7,437,1.6
Partido Morado,MUNICIPAL DISTRITAL,ARQUITECTURA,4,437,0.92
Partido Morado,MUNICIPAL DISTRITAL,CIENCIAS FORESTALES Y AMBIENTALES,4,437,0.92
Partido Morado,MUNICIPAL DISTRITAL,COMPUTACION E INFORMATICA,4,437,0.92
Partido Morado,MUNICIPAL DISTRITAL,IDIOMAS,4,437,0.92
Partido Morado,MUNICIPAL DISTRITAL,OTROS - OFICIO TECNICO,4,437,0.92
Partido Morado,MUNICIPAL DISTRITAL,BIOLOGIA,3,437,0.69
Partido Morado,MUNICIPAL DISTRITAL,AGROPECUARIA,2,437,0.46
Partido Morado,MUNICIPAL DISTRITAL,FARMACIA Y BIOQUIMICA,2,437,0.46
Partido Morado,MUNICIPAL DISTRITAL,FILOSOFIA Y TEOLOGIA,2,437,0.46
Partido Morado,MUNICIPAL DISTRITAL,HISTORIA,2,437,0.46
Partido Morado,MUNICIPAL DISTRITAL,POLICIA O MILITAR,2,437,0.46
Partido Morado,MUNICIPAL DISTRITAL,TECNOLOGIA MEDICA,2,437,0.46
Partido Morado,MUNICIPAL DISTRITAL,CIENCIAS SOCIALES,1,437,0.23
Partido Morado,MUNICIPAL DISTRITAL,FISIOTERAPIA Y TERAPIA FISICA,1,437,0.23
Partido Morado,MUNICIPAL DISTRITAL,MATEMATICA Y ESTADISTICA,1,437,0.23
Partido Morado,MUNICIPAL DISTRITAL,MEDICO VETERINARIO,1,437,0.23
Partido Morado,MUNICIPAL DISTRITAL,NUTRICION Y DIETETICA,1,437,0.23
Partido Morado,MUNICIPAL DISTRITAL,TURISMO Y HOTELERIA,1,437,0.23
Partido Morado,MUNICIPAL PROVINCIAL,INGENIERIA,17,91,18.68
Partido Morado,MUNICIPAL PROVINCIAL,EDUCACION,12,91,13.19
Partido Morado,MUNICIPAL PROVINCIAL,DERECHO,9,91,9.89
Partido Morado,MUNICIPAL PROVINCIAL,ODONTOLOGIA,7,91,7.69
Partido Morado,MUNICIPAL PROVINCIAL,CIENCIAS DE LA COMUNICACION,6,91,6.59
Partido Morado,MUNICIPAL PROVINCIAL,ADMINISTRACION,5,91,5.49
Partido Morado,MUNICIPAL PROVINCIAL,PSICOLOGIA,3,91,3.3
Partido Morado,MUNICIPAL PROVINCIAL,ARQUITECTURA,2,91,2.2
Partido Morado,MUNICIPAL PROVINCIAL,CIENCIAS POLITICAS,2,91,2.2
Partido Morado,MUNICIPAL PROVINCIAL,NUTRICION Y DIETETICA,2,91,2.2
Partido Morado,MUNICIPAL PROVINCIAL,OBSTETRICIA,2,91,2.2
Partido Morado,MUNICIPAL PROVINCIAL,OTROS - OFICIO TECNICO,2,91,2.2
Partido Morado,MUNICIPAL PROVINCIAL,AGROPECUARIA,1,91,1.1
Partido Morado,MUNICIPAL PROVINCIAL,CIENCIAS FORESTALES Y AMBIENTALES,1,91,1.1
Partido Morado,MUNICIPAL PROVINCIAL,FILOSOFIA Y TEOLOGIA,1,91,1.1
Partido Morado,MUNICIPAL PROVINCIAL,HISTORIA,1,91,1.1
Partido Morado,MUNICIPAL PROVINCIAL,IDIOMAS,1,91,1.1
Partido Morado,MUNICIPAL PROVINCIAL,INSTRUCTOR DEPORTIVO,1,91,1.1
Partido Morado,MUNICIPAL PROVINCIAL,MEDICINA,1,91,1.1
Partido Morado,MUNICIPAL PROVINCIAL,MEDICO CIRUJANO,1,91,1.1
Partido Morado,MUNICIPAL PROVINCIAL,POLITICAS PUBLICAS,1,91,1.1
Partido Morado,REGIONAL,DERECHO,2,24,8.33
Partido Morado,REGIONAL,PSICOLOGIA,2,24,8.33
Partido Morado,REGIONAL,CIENCIAS POLITICAS,1,24,4.17
Partido Morado,REGIONAL,EDUCACION,1,24,4.17
Partido Patriótico del Perú,GENERAL,INGENIERIA,17,401,4.24
Partido Patriótico del Perú,GENERAL,DERECHO,15,401,3.74
Partido Patriótico del Perú,GENERAL,EDUCACION,14,401,3.49
Partido Patriótico del Perú,GENERAL,CONTABILIDAD,7,401,1.75
Partido Patriótico del Perú,GENERAL,PSICOLOGIA,6,401,1.5
Partido Patriótico del Perú,GENERAL,ODONTOLOGIA,5,401,1.25
Partido Patriótico del Perú,GENERAL,ECONOMIA,4,401,1
Partido Patriótico del Perú,GENERAL,ADMINISTRACION,3,401,0.75
Partido Patriótico del Perú,GENERAL,CIENCIAS DE LA COMUNICACION,3,401,0.75
Partido Patriótico del Perú,GENERAL,CIENCIAS POLITICAS,3,401,0.75
Partido Patriótico del Perú,GENERAL,MATEMATICA Y ESTADISTICA,3,401,0.75
Partido Patriótico del Perú,GENERAL,COMPUTACION E INFORMATICA,1,401,0.25
Partido Patriótico del Perú,GENERAL,ENFERMERIA,1,401,0.25
Partido Patriótico del Perú,GENERAL,INSTRUCTOR DEPORTIVO,1,401,0.25
Partido Patriótico del Perú,GENERAL,NUTRICION Y DIETETICA,1,401,0.25
Partido Patriótico del Perú,GENERAL,OBSTETRICIA,1,401,0.25
Partido Patriótico del Perú,GENERAL,OTROS - OFICIO TECNICO,1,401,0.25
Partido Patriótico del Perú,MUNICIPAL DISTRITAL,INGENIERIA,9,206,4.37
Partido Patriótico del Perú,MUNICIPAL DISTRITAL,EDUCACION,8,206,3.88
Partido Patriótico del Perú,MUNICIPAL DISTRITAL,CONTABILIDAD,5,206,2.43
Partido Patriótico del Perú,MUNICIPAL DISTRITAL,DERECHO,4,206,1.94
Partido Patriótico del Perú,MUNICIPAL DISTRITAL,ODONTOLOGIA,4,206,1.94
Partido Patriótico del Perú,MUNICIPAL DISTRITAL,ECONOMIA,2,206,0.97
Partido Patriótico del Perú,MUNICIPAL DISTRITAL,CIENCIAS POLITICAS,1,206,0.49
Partido Patriótico del Perú,MUNICIPAL DISTRITAL,INSTRUCTOR DEPORTIVO,1,206,0.49
Partido Patriótico del Perú,MUNICIPAL DISTRITAL,NUTRICION Y DIETETICA,1,206,0.49
Partido Patriótico del Perú,MUNICIPAL DISTRITAL,OBSTETRICIA,1,206,0.49
Partido Patriótico del Perú,MUNICIPAL DISTRITAL,OTROS - OFICIO TECNICO,1,206,0.49
Partido Patriótico del Perú,MUNICIPAL DISTRITAL,PSICOLOGIA,1,206,0.49
Partido Patriótico del Perú,MUNICIPAL PROVINCIAL,DERECHO,11,153,7.19
Partido Patriótico del Perú,MUNICIPAL PROVINCIAL,INGENIERIA,8,153,5.23
Partido Patriótico del Perú,MUNICIPAL PROVINCIAL,EDUCACION,6,153,3.92
Partido Patriótico del Perú,MUNICIPAL PROVINCIAL,PSICOLOGIA,5,153,3.27
Partido Patriótico del Perú,MUNICIPAL PROVINCIAL,ADMINISTRACION,3,153,1.96
Partido Patriótico del Perú,MUNICIPAL PROVINCIAL,CIENCIAS DE LA COMUNICACION,3,153,1.96
Partido Patriótico del Perú,MUNICIPAL PROVINCIAL,MATEMATICA Y ESTADISTICA,3,153,1.96
Partido Patriótico del Perú,MUNICIPAL PROVINCIAL,CIENCIAS POLITICAS,2,153,1.31
Partido Patriótico del Perú,MUNICIPAL PROVINCIAL,COMPUTACION E INFORMATICA,1,153,0.65
Partido Patriótico del Perú,MUNICIPAL PROVINCIAL,CONTABILIDAD,1,153,0.65
Partido Patriótico del Perú,MUNICIPAL PROVINCIAL,ECONOMIA,1,153,0.65
Partido Patriótico del Perú,MUNICIPAL PROVINCIAL,ENFERMERIA,1,153,0.65
Partido Patriótico del Perú,MUNICIPAL PROVINCIAL,ODONTOLOGIA,1,153,0.65
Partido Patriótico del Perú,REGIONAL,CONTABILIDAD,1,42,2.38
Partido Patriótico del Perú,REGIONAL,ECONOMIA,1,42,2.38
Partido del Buen Gobierno,GENERAL,INGENIERIA,77,1069,7.2
Partido del Buen Gobierno,GENERAL,DERECHO,72,1069,6.74
Partido del Buen Gobierno,GENERAL,EDUCACION,68,1069,6.36
Partido del Buen Gobierno,GENERAL,ADMINISTRACION,38,1069,3.55
Partido del Buen Gobierno,GENERAL,CONTABILIDAD,37,1069,3.46
Partido del Buen Gobierno,GENERAL,PSICOLOGIA,17,1069,1.59
Partido del Buen Gobierno,GENERAL,CIENCIAS DE LA COMUNICACION,15,1069,1.4
Partido del Buen Gobierno,GENERAL,ECONOMIA,11,1069,1.03
Partido del Buen Gobierno,GENERAL,ODONTOLOGIA,11,1069,1.03
Partido del Buen Gobierno,GENERAL,OTROS - OFICIO TECNICO,11,1069,1.03
Partido del Buen Gobierno,GENERAL,ARQUITECTURA,10,1069,0.94
Partido del Buen Gobierno,GENERAL,CIENCIAS POLITICAS,9,1069,0.84
Partido del Buen Gobierno,GENERAL,AGROPECUARIA,8,1069,0.75
Partido del Buen Gobierno,GENERAL,COMPUTACION E INFORMATICA,8,1069,0.75
Partido del Buen Gobierno,GENERAL,ENFERMERIA,8,1069,0.75
Partido del Buen Gobierno,GENERAL,MEDICINA,7,1069,0.65
Partido del Buen Gobierno,GENERAL,BIOLOGIA,6,1069,0.56
Partido del Buen Gobierno,GENERAL,MEDICO CIRUJANO,6,1069,0.56
Partido del Buen Gobierno,GENERAL,ARQUEOLOGIA,5,1069,0.47
Partido del Buen Gobierno,GENERAL,FILOSOFIA Y TEOLOGIA,5,1069,0.47
Partido del Buen Gobierno,GENERAL,POLICIA O MILITAR,5,1069,0.47
Partido del Buen Gobierno,GENERAL,SOCIOLOGIA,5,1069,0.47
Partido del Buen Gobierno,GENERAL,TURISMO Y HOTELERIA,5,1069,0.47
Partido del Buen Gobierno,GENERAL,ARTE Y DISENO,4,1069,0.37
Partido del Buen Gobierno,GENERAL,CIENCIAS SOCIALES,4,1069,0.37
Partido del Buen Gobierno,GENERAL,IDIOMAS,4,1069,0.37
Partido del Buen Gobierno,GENERAL,OBSTETRICIA,3,1069,0.28
Partido del Buen Gobierno,GENERAL,ANTROPOLOGIA,2,1069,0.19
Partido del Buen Gobierno,GENERAL,HISTORIA,1,1069,0.09
Partido del Buen Gobierno,GENERAL,INSTRUCTOR DEPORTIVO,1,1069,0.09
Partido del Buen Gobierno,GENERAL,MATEMATICA Y ESTADISTICA,1,1069,0.09
Partido del Buen Gobierno,GENERAL,TECNOLOGIA MEDICA,1,1069,0.09
Partido del Buen Gobierno,GENERAL,TRABAJO SOCIAL,1,1069,0.09
Partido del Buen Gobierno,MUNICIPAL DISTRITAL,DERECHO,30,406,7.39
Partido del Buen Gobierno,MUNICIPAL DISTRITAL,INGENIERIA,22,406,5.42
Partido del Buen Gobierno,MUNICIPAL DISTRITAL,EDUCACION,20,406,4.93
Partido del Buen Gobierno,MUNICIPAL DISTRITAL,ADMINISTRACION,11,406,2.71
Partido del Buen Gobierno,MUNICIPAL DISTRITAL,CONTABILIDAD,10,406,2.46
Partido del Buen Gobierno,MUNICIPAL DISTRITAL,CIENCIAS DE LA COMUNICACION,8,406,1.97
Partido del Buen Gobierno,MUNICIPAL DISTRITAL,PSICOLOGIA,7,406,1.72
Partido del Buen Gobierno,MUNICIPAL DISTRITAL,ARQUITECTURA,5,406,1.23
Partido del Buen Gobierno,MUNICIPAL DISTRITAL,CIENCIAS POLITICAS,5,406,1.23
Partido del Buen Gobierno,MUNICIPAL DISTRITAL,MEDICINA,5,406,1.23
Partido del Buen Gobierno,MUNICIPAL DISTRITAL,OTROS - OFICIO TECNICO,5,406,1.23
Partido del Buen Gobierno,MUNICIPAL DISTRITAL,ECONOMIA,4,406,0.99
Partido del Buen Gobierno,MUNICIPAL DISTRITAL,ENFERMERIA,4,406,0.99
Partido del Buen Gobierno,MUNICIPAL DISTRITAL,SOCIOLOGIA,4,406,0.99
Partido del Buen Gobierno,MUNICIPAL DISTRITAL,ARTE Y DISENO,3,406,0.74
Partido del Buen Gobierno,MUNICIPAL DISTRITAL,COMPUTACION E INFORMATICA,3,406,0.74
Partido del Buen Gobierno,MUNICIPAL DISTRITAL,MEDICO CIRUJANO,3,406,0.74
Partido del Buen Gobierno,MUNICIPAL DISTRITAL,ODONTOLOGIA,3,406,0.74
Partido del Buen Gobierno,MUNICIPAL DISTRITAL,POLICIA O MILITAR,3,406,0.74
Partido del Buen Gobierno,MUNICIPAL DISTRITAL,ANTROPOLOGIA,2,406,0.49
Partido del Buen Gobierno,MUNICIPAL DISTRITAL,ARQUEOLOGIA,2,406,0.49
Partido del Buen Gobierno,MUNICIPAL DISTRITAL,AGROPECUARIA,1,406,0.25
Partido del Buen Gobierno,MUNICIPAL DISTRITAL,FILOSOFIA Y TEOLOGIA,1,406,0.25
Partido del Buen Gobierno,MUNICIPAL DISTRITAL,HISTORIA,1,406,0.25
Partido del Buen Gobierno,MUNICIPAL DISTRITAL,IDIOMAS,1,406,0.25
Partido del Buen Gobierno,MUNICIPAL DISTRITAL,MATEMATICA Y ESTADISTICA,1,406,0.25
Partido del Buen Gobierno,MUNICIPAL DISTRITAL,TECNOLOGIA MEDICA,1,406,0.25
Partido del Buen Gobierno,MUNICIPAL DISTRITAL,TRABAJO SOCIAL,1,406,0.25
Partido del Buen Gobierno,MUNICIPAL PROVINCIAL,INGENIERIA,48,524,9.16
Partido del Buen Gobierno,MUNICIPAL PROVINCIAL,DERECHO,35,524,6.68
Partido del Buen Gobierno,MUNICIPAL PROVINCIAL,EDUCACION,30,524,5.73
Partido del Buen Gobierno,MUNICIPAL PROVINCIAL,CONTABILIDAD,25,524,4.77
Partido del Buen Gobierno,MUNICIPAL PROVINCIAL,ADMINISTRACION,21,524,4.01
Partido del Buen Gobierno,MUNICIPAL PROVINCIAL,ODONTOLOGIA,8,524,1.53
Partido del Buen Gobierno,MUNICIPAL PROVINCIAL,CIENCIAS DE LA COMUNICACION,6,524,1.15
Partido del Buen Gobierno,MUNICIPAL PROVINCIAL,AGROPECUARIA,5,524,0.95
Partido del Buen Gobierno,MUNICIPAL PROVINCIAL,BIOLOGIA,5,524,0.95
Partido del Buen Gobierno,MUNICIPAL PROVINCIAL,COMPUTACION E INFORMATICA,5,524,0.95
Partido del Buen Gobierno,MUNICIPAL PROVINCIAL,OTROS - OFICIO TECNICO,5,524,0.95
Partido del Buen Gobierno,MUNICIPAL PROVINCIAL,PSICOLOGIA,5,524,0.95
Partido del Buen Gobierno,MUNICIPAL PROVINCIAL,ECONOMIA,4,524,0.76
Partido del Buen Gobierno,MUNICIPAL PROVINCIAL,TURISMO Y HOTELERIA,4,524,0.76
Partido del Buen Gobierno,MUNICIPAL PROVINCIAL,CIENCIAS SOCIALES,3,524,0.57
Partido del Buen Gobierno,MUNICIPAL PROVINCIAL,ENFERMERIA,3,524,0.57
Partido del Buen Gobierno,MUNICIPAL PROVINCIAL,MEDICO CIRUJANO,3,524,0.57
Partido del Buen Gobierno,MUNICIPAL PROVINCIAL,OBSTETRICIA,3,524,0.57
Partido del Buen Gobierno,MUNICIPAL PROVINCIAL,FILOSOFIA Y TEOLOGIA,2,524,0.38
Partido del Buen Gobierno,MUNICIPAL PROVINCIAL,IDIOMAS,2,524,0.38
Partido del Buen Gobierno,MUNICIPAL PROVINCIAL,MEDICINA,2,524,0.38
Partido del Buen Gobierno,MUNICIPAL PROVINCIAL,POLICIA O MILITAR,2,524,0.38
Partido del Buen Gobierno,MUNICIPAL PROVINCIAL,ARTE Y DISENO,1,524,0.19
Partido del Buen Gobierno,MUNICIPAL PROVINCIAL,CIENCIAS POLITICAS,1,524,0.19
Partido del Buen Gobierno,MUNICIPAL PROVINCIAL,INSTRUCTOR DEPORTIVO,1,524,0.19
Partido del Buen Gobierno,MUNICIPAL PROVINCIAL,SOCIOLOGIA,1,524,0.19
Partido del Buen Gobierno,REGIONAL,EDUCACION,18,139,12.95
Partido del Buen Gobierno,REGIONAL,DERECHO,7,139,5.04
Partido del Buen Gobierno,REGIONAL,INGENIERIA,7,139,5.04
Partido del Buen Gobierno,REGIONAL,ADMINISTRACION,6,139,4.32
Partido del Buen Gobierno,REGIONAL,ARQUITECTURA,5,139,3.6
Partido del Buen Gobierno,REGIONAL,PSICOLOGIA,5,139,3.6
Partido del Buen Gobierno,REGIONAL,ARQUEOLOGIA,3,139,2.16
Partido del Buen Gobierno,REGIONAL,CIENCIAS POLITICAS,3,139,2.16
Partido del Buen Gobierno,REGIONAL,ECONOMIA,3,139,2.16
Partido del Buen Gobierno,REGIONAL,AGROPECUARIA,2,139,1.44
Partido del Buen Gobierno,REGIONAL,CONTABILIDAD,2,139,1.44
Partido del Buen Gobierno,REGIONAL,FILOSOFIA Y TEOLOGIA,2,139,1.44
Partido del Buen Gobierno,REGIONAL,BIOLOGIA,1,139,0.72
Partido del Buen Gobierno,REGIONAL,CIENCIAS DE LA COMUNICACION,1,139,0.72
Partido del Buen Gobierno,REGIONAL,CIENCIAS SOCIALES,1,139,0.72
Partido del Buen Gobierno,REGIONAL,ENFERMERIA,1,139,0.72
Partido del Buen Gobierno,REGIONAL,IDIOMAS,1,139,0.72
Partido del Buen Gobierno,REGIONAL,OTROS - OFICIO TECNICO,1,139,0.72
Partido del Buen Gobierno,REGIONAL,TURISMO Y HOTELERIA,1,139,0.72
País Para Todos,GENERAL,EDUCACION,286,2927,9.77
País Para Todos,GENERAL,INGENIERIA,259,2927,8.85
País Para Todos,GENERAL,DERECHO,135,2927,4.61
País Para Todos,GENERAL,ADMINISTRACION,109,2927,3.72
País Para Todos,GENERAL,CONTABILIDAD,93,2927,3.18
País Para Todos,GENERAL,CIENCIAS POLITICAS,35,2927,1.2
País Para Todos,GENERAL,ENFERMERIA,32,2927,1.09
País Para Todos,GENERAL,PSICOLOGIA,27,2927,0.92
País Para Todos,GENERAL,ECONOMIA,25,2927,0.85
País Para Todos,GENERAL,AGROPECUARIA,22,2927,0.75
País Para Todos,GENERAL,ODONTOLOGIA,22,2927,0.75
País Para Todos,GENERAL,ARQUITECTURA,20,2927,0.68
País Para Todos,GENERAL,CIENCIAS DE LA COMUNICACION,13,2927,0.44
País Para Todos,GENERAL,OBSTETRICIA,13,2927,0.44
País Para Todos,GENERAL,MEDICO VETERINARIO,12,2927,0.41
País Para Todos,GENERAL,OTROS - OFICIO TECNICO,11,2927,0.38
País Para Todos,GENERAL,BIOLOGIA,8,2927,0.27
País Para Todos,GENERAL,COMPUTACION E INFORMATICA,8,2927,0.27
País Para Todos,GENERAL,MEDICINA,8,2927,0.27
País Para Todos,GENERAL,TURISMO Y HOTELERIA,8,2927,0.27
País Para Todos,GENERAL,ANTROPOLOGIA,6,2927,0.2
País Para Todos,GENERAL,FARMACIA Y BIOQUIMICA,6,2927,0.2
País Para Todos,GENERAL,SOCIOLOGIA,6,2927,0.2
País Para Todos,GENERAL,LENGUA Y LITERATURA,5,2927,0.17
País Para Todos,GENERAL,MATEMATICA Y ESTADISTICA,5,2927,0.17
País Para Todos,GENERAL,MEDICO CIRUJANO,5,2927,0.17
País Para Todos,GENERAL,TECNOLOGIA MEDICA,5,2927,0.17
País Para Todos,GENERAL,TRABAJO SOCIAL,5,2927,0.17
País Para Todos,GENERAL,ARTE Y DISENO,3,2927,0.1
País Para Todos,GENERAL,CIENCIAS FORESTALES Y AMBIENTALES,3,2927,0.1
País Para Todos,GENERAL,FILOSOFIA Y TEOLOGIA,3,2927,0.1
País Para Todos,GENERAL,NUTRICION Y DIETETICA,3,2927,0.1
País Para Todos,GENERAL,IDIOMAS,2,2927,0.07
País Para Todos,GENERAL,TOPOGRAFIA,2,2927,0.07
País Para Todos,GENERAL,GASTRONOMIA,1,2927,0.03
País Para Todos,GENERAL,HISTORIA,1,2927,0.03
País Para Todos,GENERAL,INSTRUCTOR DEPORTIVO,1,2927,0.03
País Para Todos,GENERAL,QUIMICA,1,2927,0.03
País Para Todos,MUNICIPAL DISTRITAL,EDUCACION,171,2225,7.69
País Para Todos,MUNICIPAL DISTRITAL,INGENIERIA,168,2225,7.55
País Para Todos,MUNICIPAL DISTRITAL,ADMINISTRACION,94,2225,4.22
País Para Todos,MUNICIPAL DISTRITAL,DERECHO,68,2225,3.06
País Para Todos,MUNICIPAL DISTRITAL,CONTABILIDAD,59,2225,2.65
País Para Todos,MUNICIPAL DISTRITAL,ENFERMERIA,22,2225,0.99
País Para Todos,MUNICIPAL DISTRITAL,CIENCIAS POLITICAS,19,2225,0.85
País Para Todos,MUNICIPAL DISTRITAL,PSICOLOGIA,16,2225,0.72
País Para Todos,MUNICIPAL DISTRITAL,AGROPECUARIA,15,2225,0.67
País Para Todos,MUNICIPAL DISTRITAL,ECONOMIA,15,2225,0.67
País Para Todos,MUNICIPAL DISTRITAL,ODONTOLOGIA,15,2225,0.67
País Para Todos,MUNICIPAL DISTRITAL,MEDICO VETERINARIO,9,2225,0.4
País Para Todos,MUNICIPAL DISTRITAL,OBSTETRICIA,9,2225,0.4
País Para Todos,MUNICIPAL DISTRITAL,CIENCIAS DE LA COMUNICACION,7,2225,0.31
País Para Todos,MUNICIPAL DISTRITAL,OTROS - OFICIO TECNICO,7,2225,0.31
País Para Todos,MUNICIPAL DISTRITAL,ANTROPOLOGIA,6,2225,0.27
País Para Todos,MUNICIPAL DISTRITAL,COMPUTACION E INFORMATICA,6,2225,0.27
País Para Todos,MUNICIPAL DISTRITAL,SOCIOLOGIA,6,2225,0.27
País Para Todos,MUNICIPAL DISTRITAL,ARQUITECTURA,5,2225,0.22
País Para Todos,MUNICIPAL DISTRITAL,MEDICINA,5,2225,0.22
País Para Todos,MUNICIPAL DISTRITAL,MEDICO CIRUJANO,5,2225,0.22
País Para Todos,MUNICIPAL DISTRITAL,TURISMO Y HOTELERIA,4,2225,0.18
País Para Todos,MUNICIPAL DISTRITAL,BIOLOGIA,3,2225,0.13
País Para Todos,MUNICIPAL DISTRITAL,LENGUA Y LITERATURA,3,2225,0.13
País Para Todos,MUNICIPAL DISTRITAL,TRABAJO SOCIAL,3,2225,0.13
País Para Todos,MUNICIPAL DISTRITAL,ARTE Y DISENO,2,2225,0.09
País Para Todos,MUNICIPAL DISTRITAL,CIENCIAS FORESTALES Y AMBIENTALES,2,2225,0.09
País Para Todos,MUNICIPAL DISTRITAL,FARMACIA Y BIOQUIMICA,2,2225,0.09
País Para Todos,MUNICIPAL DISTRITAL,FILOSOFIA Y TEOLOGIA,2,2225,0.09
País Para Todos,MUNICIPAL DISTRITAL,MATEMATICA Y ESTADISTICA,2,2225,0.09
País Para Todos,MUNICIPAL DISTRITAL,NUTRICION Y DIETETICA,2,2225,0.09
País Para Todos,MUNICIPAL DISTRITAL,TECNOLOGIA MEDICA,2,2225,0.09
País Para Todos,MUNICIPAL DISTRITAL,GASTRONOMIA,1,2225,0.04
País Para Todos,MUNICIPAL DISTRITAL,HISTORIA,1,2225,0.04
País Para Todos,MUNICIPAL DISTRITAL,IDIOMAS,1,2225,0.04
País Para Todos,MUNICIPAL DISTRITAL,TOPOGRAFIA,1,2225,0.04
País Para Todos,MUNICIPAL PROVINCIAL,EDUCACION,92,554,16.61
País Para Todos,MUNICIPAL PROVINCIAL,INGENIERIA,59,554,10.65
País Para Todos,MUNICIPAL PROVINCIAL,DERECHO,45,554,8.12
País Para Todos,MUNICIPAL PROVINCIAL,CONTABILIDAD,27,554,4.87
País Para Todos,MUNICIPAL PROVINCIAL,ARQUITECTURA,15,554,2.71
País Para Todos,MUNICIPAL PROVINCIAL,ADMINISTRACION,11,554,1.99
País Para Todos,MUNICIPAL PROVINCIAL,CIENCIAS POLITICAS,10,554,1.81
País Para Todos,MUNICIPAL PROVINCIAL,PSICOLOGIA,8,554,1.44
País Para Todos,MUNICIPAL PROVINCIAL,ENFERMERIA,7,554,1.26
País Para Todos,MUNICIPAL PROVINCIAL,CIENCIAS DE LA COMUNICACION,6,554,1.08
País Para Todos,MUNICIPAL PROVINCIAL,AGROPECUARIA,5,554,0.9
País Para Todos,MUNICIPAL PROVINCIAL,ECONOMIA,5,554,0.9
País Para Todos,MUNICIPAL PROVINCIAL,ODONTOLOGIA,5,554,0.9
País Para Todos,MUNICIPAL PROVINCIAL,FARMACIA Y BIOQUIMICA,4,554,0.72
País Para Todos,MUNICIPAL PROVINCIAL,OTROS - OFICIO TECNICO,4,554,0.72
País Para Todos,MUNICIPAL PROVINCIAL,MATEMATICA Y ESTADISTICA,3,554,0.54
País Para Todos,MUNICIPAL PROVINCIAL,MEDICO VETERINARIO,3,554,0.54
País Para Todos,MUNICIPAL PROVINCIAL,TECNOLOGIA MEDICA,3,554,0.54
País Para Todos,MUNICIPAL PROVINCIAL,COMPUTACION E INFORMATICA,2,554,0.36
País Para Todos,MUNICIPAL PROVINCIAL,LENGUA Y LITERATURA,2,554,0.36
País Para Todos,MUNICIPAL PROVINCIAL,OBSTETRICIA,2,554,0.36
País Para Todos,MUNICIPAL PROVINCIAL,TRABAJO SOCIAL,2,554,0.36
País Para Todos,MUNICIPAL PROVINCIAL,TURISMO Y HOTELERIA,2,554,0.36
País Para Todos,MUNICIPAL PROVINCIAL,ARTE Y DISENO,1,554,0.18
País Para Todos,MUNICIPAL PROVINCIAL,FILOSOFIA Y TEOLOGIA,1,554,0.18
País Para Todos,MUNICIPAL PROVINCIAL,IDIOMAS,1,554,0.18
País Para Todos,MUNICIPAL PROVINCIAL,INSTRUCTOR DEPORTIVO,1,554,0.18
País Para Todos,MUNICIPAL PROVINCIAL,MEDICINA,1,554,0.18
País Para Todos,MUNICIPAL PROVINCIAL,NUTRICION Y DIETETICA,1,554,0.18
País Para Todos,MUNICIPAL PROVINCIAL,QUIMICA,1,554,0.18
País Para Todos,MUNICIPAL PROVINCIAL,TOPOGRAFIA,1,554,0.18
País Para Todos,REGIONAL,INGENIERIA,32,148,21.62
País Para Todos,REGIONAL,EDUCACION,23,148,15.54
País Para Todos,REGIONAL,DERECHO,22,148,14.86
País Para Todos,REGIONAL,CONTABILIDAD,7,148,4.73
País Para Todos,REGIONAL,CIENCIAS POLITICAS,6,148,4.05
País Para Todos,REGIONAL,BIOLOGIA,5,148,3.38
País Para Todos,REGIONAL,ECONOMIA,5,148,3.38
País Para Todos,REGIONAL,ADMINISTRACION,4,148,2.7
País Para Todos,REGIONAL,ENFERMERIA,3,148,2.03
País Para Todos,REGIONAL,PSICOLOGIA,3,148,2.03
País Para Todos,REGIONAL,AGROPECUARIA,2,148,1.35
País Para Todos,REGIONAL,MEDICINA,2,148,1.35
País Para Todos,REGIONAL,OBSTETRICIA,2,148,1.35
País Para Todos,REGIONAL,ODONTOLOGIA,2,148,1.35
País Para Todos,REGIONAL,TURISMO Y HOTELERIA,2,148,1.35
País Para Todos,REGIONAL,CIENCIAS FORESTALES Y AMBIENTALES,1,148,0.68
Perú Libre,GENERAL,EDUCACION,78,671,11.62
Perú Libre,GENERAL,INGENIERIA,34,671,5.07
Perú Libre,GENERAL,DERECHO,28,671,4.17
Perú Libre,GENERAL,ADMINISTRACION,16,671,2.38
Perú Libre,GENERAL,CONTABILIDAD,10,671,1.49
Perú Libre,GENERAL,CIENCIAS POLITICAS,8,671,1.19
Perú Libre,GENERAL,ENFERMERIA,7,671,1.04
Perú Libre,GENERAL,ECONOMIA,5,671,0.75
Perú Libre,GENERAL,ODONTOLOGIA,5,671,0.75
Perú Libre,GENERAL,OTROS - OFICIO TECNICO,5,671,0.75
Perú Libre,GENERAL,PSICOLOGIA,5,671,0.75
Perú Libre,GENERAL,COMPUTACION E INFORMATICA,4,671,0.6
Perú Libre,GENERAL,AGROPECUARIA,3,671,0.45
Perú Libre,GENERAL,ARQUITECTURA,2,671,0.3
Perú Libre,GENERAL,CIENCIAS FORESTALES Y AMBIENTALES,2,671,0.3
Perú Libre,GENERAL,FARMACIA Y BIOQUIMICA,2,671,0.3
Perú Libre,GENERAL,MEDICO CIRUJANO,2,671,0.3
Perú Libre,GENERAL,MEDICO VETERINARIO,2,671,0.3
Perú Libre,GENERAL,TECNOLOGIA MEDICA,2,671,0.3
Perú Libre,GENERAL,TURISMO Y HOTELERIA,2,671,0.3
Perú Libre,GENERAL,ARQUEOLOGIA,1,671,0.15
Perú Libre,GENERAL,ARTE Y DISENO,1,671,0.15
Perú Libre,GENERAL,BIOLOGIA,1,671,0.15
Perú Libre,GENERAL,CIENCIAS DE LA COMUNICACION,1,671,0.15
Perú Libre,GENERAL,CIENCIAS SOCIALES,1,671,0.15
Perú Libre,GENERAL,HISTORIA,1,671,0.15
Perú Libre,GENERAL,MATEMATICA Y ESTADISTICA,1,671,0.15
Perú Libre,GENERAL,NUTRICION Y DIETETICA,1,671,0.15
Perú Libre,GENERAL,POLICIA O MILITAR,1,671,0.15
Perú Libre,GENERAL,SOCIOLOGIA,1,671,0.15
Perú Libre,MUNICIPAL DISTRITAL,EDUCACION,52,491,10.59
Perú Libre,MUNICIPAL DISTRITAL,INGENIERIA,19,491,3.87
Perú Libre,MUNICIPAL DISTRITAL,DERECHO,16,491,3.26
Perú Libre,MUNICIPAL DISTRITAL,ADMINISTRACION,8,491,1.63
Perú Libre,MUNICIPAL DISTRITAL,CONTABILIDAD,8,491,1.63
Perú Libre,MUNICIPAL DISTRITAL,PSICOLOGIA,5,491,1.02
Perú Libre,MUNICIPAL DISTRITAL,CIENCIAS POLITICAS,4,491,0.81
Perú Libre,MUNICIPAL DISTRITAL,ENFERMERIA,4,491,0.81
Perú Libre,MUNICIPAL DISTRITAL,OTROS - OFICIO TECNICO,4,491,0.81
Perú Libre,MUNICIPAL DISTRITAL,AGROPECUARIA,3,491,0.61
Perú Libre,MUNICIPAL DISTRITAL,ECONOMIA,3,491,0.61
Perú Libre,MUNICIPAL DISTRITAL,ARQUITECTURA,2,491,0.41
Perú Libre,MUNICIPAL DISTRITAL,MEDICO CIRUJANO,2,491,0.41
Perú Libre,MUNICIPAL DISTRITAL,TURISMO Y HOTELERIA,2,491,0.41
Perú Libre,MUNICIPAL DISTRITAL,ARQUEOLOGIA,1,491,0.2
Perú Libre,MUNICIPAL DISTRITAL,BIOLOGIA,1,491,0.2
Perú Libre,MUNICIPAL DISTRITAL,CIENCIAS SOCIALES,1,491,0.2
Perú Libre,MUNICIPAL DISTRITAL,COMPUTACION E INFORMATICA,1,491,0.2
Perú Libre,MUNICIPAL DISTRITAL,HISTORIA,1,491,0.2
Perú Libre,MUNICIPAL DISTRITAL,MATEMATICA Y ESTADISTICA,1,491,0.2
Perú Libre,MUNICIPAL DISTRITAL,POLICIA O MILITAR,1,491,0.2
Perú Libre,MUNICIPAL PROVINCIAL,EDUCACION,22,152,14.47
Perú Libre,MUNICIPAL PROVINCIAL,INGENIERIA,11,152,7.24
Perú Libre,MUNICIPAL PROVINCIAL,DERECHO,10,152,6.58
Perú Libre,MUNICIPAL PROVINCIAL,ADMINISTRACION,8,152,5.26
Perú Libre,MUNICIPAL PROVINCIAL,ODONTOLOGIA,5,152,3.29
Perú Libre,MUNICIPAL PROVINCIAL,CIENCIAS POLITICAS,2,152,1.32
Perú Libre,MUNICIPAL PROVINCIAL,COMPUTACION E INFORMATICA,2,152,1.32
Perú Libre,MUNICIPAL PROVINCIAL,CONTABILIDAD,2,152,1.32
Perú Libre,MUNICIPAL PROVINCIAL,ECONOMIA,2,152,1.32
Perú Libre,MUNICIPAL PROVINCIAL,FARMACIA Y BIOQUIMICA,2,152,1.32
Perú Libre,MUNICIPAL PROVINCIAL,MEDICO VETERINARIO,2,152,1.32
Perú Libre,MUNICIPAL PROVINCIAL,TECNOLOGIA MEDICA,2,152,1.32
Perú Libre,MUNICIPAL PROVINCIAL,ARTE Y DISENO,1,152,0.66
Perú Libre,MUNICIPAL PROVINCIAL,CIENCIAS DE LA COMUNICACION,1,152,0.66
Perú Libre,MUNICIPAL PROVINCIAL,ENFERMERIA,1,152,0.66
Perú Libre,MUNICIPAL PROVINCIAL,OTROS - OFICIO TECNICO,1,152,0.66
Perú Libre,MUNICIPAL PROVINCIAL,SOCIOLOGIA,1,152,0.66
Perú Libre,REGIONAL,EDUCACION,4,28,14.29
Perú Libre,REGIONAL,INGENIERIA,4,28,14.29
Perú Libre,REGIONAL,CIENCIAS FORESTALES Y AMBIENTALES,2,28,7.14
Perú Libre,REGIONAL,CIENCIAS POLITICAS,2,28,7.14
Perú Libre,REGIONAL,DERECHO,2,28,7.14
Perú Libre,REGIONAL,ENFERMERIA,2,28,7.14
Perú Libre,REGIONAL,COMPUTACION E INFORMATICA,1,28,3.57
Perú Libre,REGIONAL,NUTRICION Y DIETETICA,1,28,3.57
Perú Moderno,GENERAL,EDUCACION,69,810,8.52
Perú Moderno,GENERAL,INGENIERIA,47,810,5.8
Perú Moderno,GENERAL,DERECHO,42,810,5.19
Perú Moderno,GENERAL,ADMINISTRACION,31,810,3.83
Perú Moderno,GENERAL,CONTABILIDAD,17,810,2.1
Perú Moderno,GENERAL,ODONTOLOGIA,11,810,1.36
Perú Moderno,GENERAL,CIENCIAS POLITICAS,10,810,1.23
Perú Moderno,GENERAL,PSICOLOGIA,9,810,1.11
Perú Moderno,GENERAL,OTROS - OFICIO TECNICO,8,810,0.99
Perú Moderno,GENERAL,AGROPECUARIA,6,810,0.74
Perú Moderno,GENERAL,ARQUITECTURA,6,810,0.74
Perú Moderno,GENERAL,ECONOMIA,6,810,0.74
Perú Moderno,GENERAL,ENFERMERIA,6,810,0.74
Perú Moderno,GENERAL,MEDICO VETERINARIO,4,810,0.49
Perú Moderno,GENERAL,BIOLOGIA,3,810,0.37
Perú Moderno,GENERAL,CIENCIAS DE LA COMUNICACION,3,810,0.37
Perú Moderno,GENERAL,COMPUTACION E INFORMATICA,3,810,0.37
Perú Moderno,GENERAL,POLICIA O MILITAR,2,810,0.25
Perú Moderno,GENERAL,TRABAJO SOCIAL,2,810,0.25
Perú Moderno,GENERAL,ARTE Y DISENO,1,810,0.12
Perú Moderno,GENERAL,GESTION DE RIESGOS Y DESASTRES,1,810,0.12
Perú Moderno,GENERAL,MATEMATICA Y ESTADISTICA,1,810,0.12
Perú Moderno,GENERAL,TECNOLOGIA MEDICA,1,810,0.12
Perú Moderno,GENERAL,TURISMO Y HOTELERIA,1,810,0.12
Perú Moderno,MUNICIPAL DISTRITAL,EDUCACION,38,576,6.6
Perú Moderno,MUNICIPAL DISTRITAL,INGENIERIA,34,576,5.9
Perú Moderno,MUNICIPAL DISTRITAL,DERECHO,29,576,5.03
Perú Moderno,MUNICIPAL DISTRITAL,ADMINISTRACION,16,576,2.78
Perú Moderno,MUNICIPAL DISTRITAL,ODONTOLOGIA,11,576,1.91
Perú Moderno,MUNICIPAL DISTRITAL,CONTABILIDAD,10,576,1.74
Perú Moderno,MUNICIPAL DISTRITAL,OTROS - OFICIO TECNICO,8,576,1.39
Perú Moderno,MUNICIPAL DISTRITAL,PSICOLOGIA,8,576,1.39
Perú Moderno,MUNICIPAL DISTRITAL,CIENCIAS POLITICAS,7,576,1.22
Perú Moderno,MUNICIPAL DISTRITAL,ENFERMERIA,5,576,0.87
Perú Moderno,MUNICIPAL DISTRITAL,ARQUITECTURA,3,576,0.52
Perú Moderno,MUNICIPAL DISTRITAL,BIOLOGIA,3,576,0.52
Perú Moderno,MUNICIPAL DISTRITAL,ECONOMIA,3,576,0.52
Perú Moderno,MUNICIPAL DISTRITAL,AGROPECUARIA,2,576,0.35
Perú Moderno,MUNICIPAL DISTRITAL,MEDICO VETERINARIO,2,576,0.35
Perú Moderno,MUNICIPAL DISTRITAL,TRABAJO SOCIAL,2,576,0.35
Perú Moderno,MUNICIPAL DISTRITAL,CIENCIAS DE LA COMUNICACION,1,576,0.17
Perú Moderno,MUNICIPAL DISTRITAL,COMPUTACION E INFORMATICA,1,576,0.17
Perú Moderno,MUNICIPAL DISTRITAL,MATEMATICA Y ESTADISTICA,1,576,0.17
Perú Moderno,MUNICIPAL DISTRITAL,TECNOLOGIA MEDICA,1,576,0.17
Perú Moderno,MUNICIPAL DISTRITAL,TURISMO Y HOTELERIA,1,576,0.17
Perú Moderno,MUNICIPAL PROVINCIAL,EDUCACION,26,188,13.83
Perú Moderno,MUNICIPAL PROVINCIAL,ADMINISTRACION,12,188,6.38
Perú Moderno,MUNICIPAL PROVINCIAL,INGENIERIA,10,188,5.32
Perú Moderno,MUNICIPAL PROVINCIAL,DERECHO,9,188,4.79
Perú Moderno,MUNICIPAL PROVINCIAL,AGROPECUARIA,4,188,2.13
Perú Moderno,MUNICIPAL PROVINCIAL,CONTABILIDAD,4,188,2.13
Perú Moderno,MUNICIPAL PROVINCIAL,ARQUITECTURA,3,188,1.6
Perú Moderno,MUNICIPAL PROVINCIAL,ECONOMIA,3,188,1.6
Perú Moderno,MUNICIPAL PROVINCIAL,CIENCIAS POLITICAS,2,188,1.06
Perú Moderno,MUNICIPAL PROVINCIAL,COMPUTACION E INFORMATICA,2,188,1.06
Perú Moderno,MUNICIPAL PROVINCIAL,POLICIA O MILITAR,2,188,1.06
Perú Moderno,MUNICIPAL PROVINCIAL,CIENCIAS DE LA COMUNICACION,1,188,0.53
Perú Moderno,MUNICIPAL PROVINCIAL,ENFERMERIA,1,188,0.53
Perú Moderno,MUNICIPAL PROVINCIAL,MEDICO VETERINARIO,1,188,0.53
Perú Moderno,MUNICIPAL PROVINCIAL,PSICOLOGIA,1,188,0.53
Perú Moderno,REGIONAL,EDUCACION,5,46,10.87
Perú Moderno,REGIONAL,DERECHO,4,46,8.7
Perú Moderno,REGIONAL,ADMINISTRACION,3,46,6.52
Perú Moderno,REGIONAL,CONTABILIDAD,3,46,6.52
Perú Moderno,REGIONAL,INGENIERIA,3,46,6.52
Perú Moderno,REGIONAL,ARTE Y DISENO,1,46,2.17
Perú Moderno,REGIONAL,CIENCIAS DE LA COMUNICACION,1,46,2.17
Perú Moderno,REGIONAL,CIENCIAS POLITICAS,1,46,2.17
Perú Moderno,REGIONAL,GESTION DE RIESGOS Y DESASTRES,1,46,2.17
Perú Moderno,REGIONAL,MEDICO VETERINARIO,1,46,2.17
Perú Primero,GENERAL,EDUCACION,742,7563,9.81
Perú Primero,GENERAL,INGENIERIA,714,7563,9.44
Perú Primero,GENERAL,DERECHO,316,7563,4.18
Perú Primero,GENERAL,ADMINISTRACION,290,7563,3.83
Perú Primero,GENERAL,CONTABILIDAD,259,7563,3.42
Perú Primero,GENERAL,ENFERMERIA,117,7563,1.55
Perú Primero,GENERAL,ECONOMIA,97,7563,1.28
Perú Primero,GENERAL,AGROPECUARIA,71,7563,0.94
Perú Primero,GENERAL,CIENCIAS POLITICAS,70,7563,0.93
Perú Primero,GENERAL,PSICOLOGIA,70,7563,0.93
Perú Primero,GENERAL,CIENCIAS DE LA COMUNICACION,52,7563,0.69
Perú Primero,GENERAL,OTROS - OFICIO TECNICO,47,7563,0.62
Perú Primero,GENERAL,ARQUITECTURA,41,7563,0.54
Perú Primero,GENERAL,ODONTOLOGIA,41,7563,0.54
Perú Primero,GENERAL,MEDICO VETERINARIO,39,7563,0.52
Perú Primero,GENERAL,FARMACIA Y BIOQUIMICA,29,7563,0.38
Perú Primero,GENERAL,MEDICINA,25,7563,0.33
Perú Primero,GENERAL,OBSTETRICIA,24,7563,0.32
Perú Primero,GENERAL,TURISMO Y HOTELERIA,22,7563,0.29
Perú Primero,GENERAL,MATEMATICA Y ESTADISTICA,19,7563,0.25
Perú Primero,GENERAL,SOCIOLOGIA,18,7563,0.24
Perú Primero,GENERAL,COMPUTACION E INFORMATICA,16,7563,0.21
Perú Primero,GENERAL,IDIOMAS,15,7563,0.2
Perú Primero,GENERAL,ARTE Y DISENO,13,7563,0.17
Perú Primero,GENERAL,CIENCIAS FORESTALES Y AMBIENTALES,13,7563,0.17
Perú Primero,GENERAL,MEDICO CIRUJANO,13,7563,0.17
Perú Primero,GENERAL,POLICIA O MILITAR,13,7563,0.17
Perú Primero,GENERAL,ANTROPOLOGIA,11,7563,0.15
Perú Primero,GENERAL,TECNOLOGIA MEDICA,11,7563,0.15
Perú Primero,GENERAL,TRABAJO SOCIAL,11,7563,0.15
Perú Primero,GENERAL,CIENCIAS SOCIALES,8,7563,0.11
Perú Primero,GENERAL,INSTRUCTOR DEPORTIVO,8,7563,0.11
Perú Primero,GENERAL,ARQUEOLOGIA,7,7563,0.09
Perú Primero,GENERAL,BIOLOGIA,7,7563,0.09
Perú Primero,GENERAL,FILOSOFIA Y TEOLOGIA,4,7563,0.05
Perú Primero,GENERAL,GASTRONOMIA,2,7563,0.03
Perú Primero,GENERAL,QUIMICA,2,7563,0.03
Perú Primero,GENERAL,TOPOGRAFIA,2,7563,0.03
Perú Primero,GENERAL,ASESOR BANCARIO,1,7563,0.01
Perú Primero,GENERAL,CONSTRUCCION CIVIL,1,7563,0.01
Perú Primero,GENERAL,FISICA,1,7563,0.01
Perú Primero,GENERAL,HISTORIA,1,7563,0.01
Perú Primero,GENERAL,LENGUA Y LITERATURA,1,7563,0.01
Perú Primero,GENERAL,NUTRICION Y DIETETICA,1,7563,0.01
Perú Primero,GENERAL,PLANEAMIENTO ESTRATEGICO DEL SECTOR PUBLICO,1,7563,0.01
Perú Primero,GENERAL,PROYECTOS DE INVERSION,1,7563,0.01
Perú Primero,GENERAL,PUBLICIDAD,1,7563,0.01
Perú Primero,GENERAL,SEGURIDAD INDUSTRIAL,1,7563,0.01
Perú Primero,GENERAL,SEGURIDAD INDUSTRIAL MINERA,1,7563,0.01
Perú Primero,GENERAL,TERAPIA FISICA,1,7563,0.01
Perú Primero,MUNICIPAL DISTRITAL,INGENIERIA,507,5976,8.48
Perú Primero,MUNICIPAL DISTRITAL,EDUCACION,473,5976,7.91
Perú Primero,MUNICIPAL DISTRITAL,DERECHO,184,5976,3.08
Perú Primero,MUNICIPAL DISTRITAL,ADMINISTRACION,181,5976,3.03
Perú Primero,MUNICIPAL DISTRITAL,CONTABILIDAD,171,5976,2.86
Perú Primero,MUNICIPAL DISTRITAL,ENFERMERIA,84,5976,1.41
Perú Primero,MUNICIPAL DISTRITAL,ECONOMIA,66,5976,1.1
Perú Primero,MUNICIPAL DISTRITAL,CIENCIAS POLITICAS,47,5976,0.79
Perú Primero,MUNICIPAL DISTRITAL,PSICOLOGIA,47,5976,0.79
Perú Primero,MUNICIPAL DISTRITAL,AGROPECUARIA,43,5976,0.72
Perú Primero,MUNICIPAL DISTRITAL,OTROS - OFICIO TECNICO,40,5976,0.67
Perú Primero,MUNICIPAL DISTRITAL,CIENCIAS DE LA COMUNICACION,31,5976,0.52
Perú Primero,MUNICIPAL DISTRITAL,MEDICO VETERINARIO,30,5976,0.5
Perú Primero,MUNICIPAL DISTRITAL,ARQUITECTURA,25,5976,0.42
Perú Primero,MUNICIPAL DISTRITAL,OBSTETRICIA,19,5976,0.32
Perú Primero,MUNICIPAL DISTRITAL,FARMACIA Y BIOQUIMICA,18,5976,0.3
Perú Primero,MUNICIPAL DISTRITAL,ODONTOLOGIA,18,5976,0.3
Perú Primero,MUNICIPAL DISTRITAL,SOCIOLOGIA,15,5976,0.25
Perú Primero,MUNICIPAL DISTRITAL,MATEMATICA Y ESTADISTICA,13,5976,0.22
Perú Primero,MUNICIPAL DISTRITAL,TURISMO Y HOTELERIA,13,5976,0.22
Perú Primero,MUNICIPAL DISTRITAL,IDIOMAS,12,5976,0.2
Perú Primero,MUNICIPAL DISTRITAL,POLICIA O MILITAR,12,5976,0.2
Perú Primero,MUNICIPAL DISTRITAL,COMPUTACION E INFORMATICA,11,5976,0.18
Perú Primero,MUNICIPAL DISTRITAL,CIENCIAS FORESTALES Y AMBIENTALES,8,5976,0.13
Perú Primero,MUNICIPAL DISTRITAL,MEDICINA,8,5976,0.13
Perú Primero,MUNICIPAL DISTRITAL,TRABAJO SOCIAL,8,5976,0.13
Perú Primero,MUNICIPAL DISTRITAL,ARTE Y DISENO,7,5976,0.12
Perú Primero,MUNICIPAL DISTRITAL,BIOLOGIA,7,5976,0.12
Perú Primero,MUNICIPAL DISTRITAL,ANTROPOLOGIA,5,5976,0.08
Perú Primero,MUNICIPAL DISTRITAL,ARQUEOLOGIA,5,5976,0.08
Perú Primero,MUNICIPAL DISTRITAL,CIENCIAS SOCIALES,5,5976,0.08
Perú Primero,MUNICIPAL DISTRITAL,TECNOLOGIA MEDICA,5,5976,0.08
Perú Primero,MUNICIPAL DISTRITAL,INSTRUCTOR DEPORTIVO,4,5976,0.07
Perú Primero,MUNICIPAL DISTRITAL,MEDICO CIRUJANO,3,5976,0.05
Perú Primero,MUNICIPAL DISTRITAL,FILOSOFIA Y TEOLOGIA,2,5976,0.03
Perú Primero,MUNICIPAL DISTRITAL,GASTRONOMIA,2,5976,0.03
Perú Primero,MUNICIPAL DISTRITAL,TOPOGRAFIA,2,5976,0.03
Perú Primero,MUNICIPAL DISTRITAL,PLANEAMIENTO ESTRATEGICO DEL SECTOR PUBLICO,1,5976,0.02
Perú Primero,MUNICIPAL DISTRITAL,PROYECTOS DE INVERSION,1,5976,0.02
Perú Primero,MUNICIPAL DISTRITAL,PUBLICIDAD,1,5976,0.02
Perú Primero,MUNICIPAL DISTRITAL,QUIMICA,1,5976,0.02
Perú Primero,MUNICIPAL PROVINCIAL,EDUCACION,220,1273,17.28
Perú Primero,MUNICIPAL PROVINCIAL,INGENIERIA,177,1273,13.9
Perú Primero,MUNICIPAL PROVINCIAL,DERECHO,111,1273,8.72
Perú Primero,MUNICIPAL PROVINCIAL,ADMINISTRACION,79,1273,6.21
Perú Primero,MUNICIPAL PROVINCIAL,CONTABILIDAD,69,1273,5.42
Perú Primero,MUNICIPAL PROVINCIAL,AGROPECUARIA,25,1273,1.96
Perú Primero,MUNICIPAL PROVINCIAL,CIENCIAS POLITICAS,22,1273,1.73
Perú Primero,MUNICIPAL PROVINCIAL,ECONOMIA,22,1273,1.73
Perú Primero,MUNICIPAL PROVINCIAL,ENFERMERIA,21,1273,1.65
Perú Primero,MUNICIPAL PROVINCIAL,ODONTOLOGIA,21,1273,1.65
Perú Primero,MUNICIPAL PROVINCIAL,PSICOLOGIA,18,1273,1.41
Perú Primero,MUNICIPAL PROVINCIAL,CIENCIAS DE LA COMUNICACION,16,1273,1.26
Perú Primero,MUNICIPAL PROVINCIAL,ARQUITECTURA,13,1273,1.02
Perú Primero,MUNICIPAL PROVINCIAL,FARMACIA Y BIOQUIMICA,10,1273,0.79
Perú Primero,MUNICIPAL PROVINCIAL,MEDICINA,10,1273,0.79
Perú Primero,MUNICIPAL PROVINCIAL,MEDICO CIRUJANO,7,1273,0.55
Perú Primero,MUNICIPAL PROVINCIAL,OTROS - OFICIO TECNICO,7,1273,0.55
Perú Primero,MUNICIPAL PROVINCIAL,MEDICO VETERINARIO,6,1273,0.47
Perú Primero,MUNICIPAL PROVINCIAL,TECNOLOGIA MEDICA,6,1273,0.47
Perú Primero,MUNICIPAL PROVINCIAL,ANTROPOLOGIA,5,1273,0.39
Perú Primero,MUNICIPAL PROVINCIAL,ARTE Y DISENO,5,1273,0.39
Perú Primero,MUNICIPAL PROVINCIAL,COMPUTACION E INFORMATICA,5,1273,0.39
Perú Primero,MUNICIPAL PROVINCIAL,MATEMATICA Y ESTADISTICA,5,1273,0.39
Perú Primero,MUNICIPAL PROVINCIAL,TURISMO Y HOTELERIA,5,1273,0.39
Perú Primero,MUNICIPAL PROVINCIAL,CIENCIAS FORESTALES Y AMBIENTALES,3,1273,0.24
Perú Primero,MUNICIPAL PROVINCIAL,INSTRUCTOR DEPORTIVO,3,1273,0.24
Perú Primero,MUNICIPAL PROVINCIAL,OBSTETRICIA,3,1273,0.24
Perú Primero,MUNICIPAL PROVINCIAL,SOCIOLOGIA,3,1273,0.24
Perú Primero,MUNICIPAL PROVINCIAL,TRABAJO SOCIAL,3,1273,0.24
Perú Primero,MUNICIPAL PROVINCIAL,ARQUEOLOGIA,2,1273,0.16
Perú Primero,MUNICIPAL PROVINCIAL,CIENCIAS SOCIALES,2,1273,0.16
Perú Primero,MUNICIPAL PROVINCIAL,IDIOMAS,2,1273,0.16
Perú Primero,MUNICIPAL PROVINCIAL,ASESOR BANCARIO,1,1273,0.08
Perú Primero,MUNICIPAL PROVINCIAL,CONSTRUCCION CIVIL,1,1273,0.08
Perú Primero,MUNICIPAL PROVINCIAL,FISICA,1,1273,0.08
Perú Primero,MUNICIPAL PROVINCIAL,LENGUA Y LITERATURA,1,1273,0.08
Perú Primero,MUNICIPAL PROVINCIAL,NUTRICION Y DIETETICA,1,1273,0.08
Perú Primero,MUNICIPAL PROVINCIAL,POLICIA O MILITAR,1,1273,0.08
Perú Primero,MUNICIPAL PROVINCIAL,SEGURIDAD INDUSTRIAL,1,1273,0.08
Perú Primero,MUNICIPAL PROVINCIAL,SEGURIDAD INDUSTRIAL MINERA,1,1273,0.08
Perú Primero,MUNICIPAL PROVINCIAL,TERAPIA FISICA,1,1273,0.08
Perú Primero,REGIONAL,EDUCACION,49,314,15.61
Perú Primero,REGIONAL,ADMINISTRACION,30,314,9.55
Perú Primero,REGIONAL,INGENIERIA,30,314,9.55
Perú Primero,REGIONAL,DERECHO,21,314,6.69
Perú Primero,REGIONAL,CONTABILIDAD,19,314,6.05
Perú Primero,REGIONAL,ENFERMERIA,12,314,3.82
Perú Primero,REGIONAL,ECONOMIA,9,314,2.87
Perú Primero,REGIONAL,MEDICINA,7,314,2.23
Perú Primero,REGIONAL,CIENCIAS DE LA COMUNICACION,5,314,1.59
Perú Primero,REGIONAL,PSICOLOGIA,5,314,1.59
Perú Primero,REGIONAL,TURISMO Y HOTELERIA,4,314,1.27
Perú Primero,REGIONAL,AGROPECUARIA,3,314,0.96
Perú Primero,REGIONAL,ARQUITECTURA,3,314,0.96
Perú Primero,REGIONAL,MEDICO CIRUJANO,3,314,0.96
Perú Primero,REGIONAL,MEDICO VETERINARIO,3,314,0.96
Perú Primero,REGIONAL,CIENCIAS FORESTALES Y AMBIENTALES,2,314,0.64
Perú Primero,REGIONAL,FILOSOFIA Y TEOLOGIA,2,314,0.64
Perú Primero,REGIONAL,OBSTETRICIA,2,314,0.64
Perú Primero,REGIONAL,ODONTOLOGIA,2,314,0.64
Perú Primero,REGIONAL,ANTROPOLOGIA,1,314,0.32
Perú Primero,REGIONAL,ARTE Y DISENO,1,314,0.32
Perú Primero,REGIONAL,CIENCIAS POLITICAS,1,314,0.32
Perú Primero,REGIONAL,CIENCIAS SOCIALES,1,314,0.32
Perú Primero,REGIONAL,FARMACIA Y BIOQUIMICA,1,314,0.32
Perú Primero,REGIONAL,HISTORIA,1,314,0.32
Perú Primero,REGIONAL,IDIOMAS,1,314,0.32
Perú Primero,REGIONAL,INSTRUCTOR DEPORTIVO,1,314,0.32
Perú Primero,REGIONAL,MATEMATICA Y ESTADISTICA,1,314,0.32
Perú Primero,REGIONAL,QUIMICA,1,314,0.32
Podemos Perú,GENERAL,EDUCACION,654,7292,8.97
Podemos Perú,GENERAL,INGENIERIA,651,7292,8.93
Podemos Perú,GENERAL,DERECHO,347,7292,4.76
Podemos Perú,GENERAL,ADMINISTRACION,344,7292,4.72
Podemos Perú,GENERAL,CONTABILIDAD,255,7292,3.5
Podemos Perú,GENERAL,ENFERMERIA,101,7292,1.39
Podemos Perú,GENERAL,CIENCIAS POLITICAS,95,7292,1.3
Podemos Perú,GENERAL,CIENCIAS DE LA COMUNICACION,64,7292,0.88
Podemos Perú,GENERAL,AGROPECUARIA,55,7292,0.75
Podemos Perú,GENERAL,ARQUITECTURA,55,7292,0.75
Podemos Perú,GENERAL,PSICOLOGIA,54,7292,0.74
Podemos Perú,GENERAL,ECONOMIA,51,7292,0.7
Podemos Perú,GENERAL,OBSTETRICIA,49,7292,0.67
Podemos Perú,GENERAL,ODONTOLOGIA,40,7292,0.55
Podemos Perú,GENERAL,MEDICO VETERINARIO,38,7292,0.52
Podemos Perú,GENERAL,MEDICINA,37,7292,0.51
Podemos Perú,GENERAL,OTROS - OFICIO TECNICO,34,7292,0.47
Podemos Perú,GENERAL,MEDICO CIRUJANO,29,7292,0.4
Podemos Perú,GENERAL,FARMACIA Y BIOQUIMICA,27,7292,0.37
Podemos Perú,GENERAL,BIOLOGIA,19,7292,0.26
Podemos Perú,GENERAL,MATEMATICA Y ESTADISTICA,19,7292,0.26
Podemos Perú,GENERAL,ANTROPOLOGIA,14,7292,0.19
Podemos Perú,GENERAL,TRABAJO SOCIAL,14,7292,0.19
Podemos Perú,GENERAL,TECNOLOGIA MEDICA,13,7292,0.18
Podemos Perú,GENERAL,ARTE Y DISENO,12,7292,0.16
Podemos Perú,GENERAL,CIENCIAS SOCIALES,12,7292,0.16
Podemos Perú,GENERAL,SOCIOLOGIA,11,7292,0.15
Podemos Perú,GENERAL,COMPUTACION E INFORMATICA,10,7292,0.14
Podemos Perú,GENERAL,TURISMO Y HOTELERIA,10,7292,0.14
Podemos Perú,GENERAL,POLICIA O MILITAR,9,7292,0.12
Podemos Perú,GENERAL,IDIOMAS,6,7292,0.08
Podemos Perú,GENERAL,NUTRICION Y DIETETICA,6,7292,0.08
Podemos Perú,GENERAL,INSTRUCTOR DEPORTIVO,5,7292,0.07
Podemos Perú,GENERAL,CONSTRUCCION CIVIL,4,7292,0.05
Podemos Perú,GENERAL,FISICA,4,7292,0.05
Podemos Perú,GENERAL,GASTRONOMIA,4,7292,0.05
Podemos Perú,GENERAL,CIENCIAS FORESTALES Y AMBIENTALES,3,7292,0.04
Podemos Perú,GENERAL,HISTORIA,3,7292,0.04
Podemos Perú,GENERAL,LENGUA Y LITERATURA,3,7292,0.04
Podemos Perú,GENERAL,QUIMICA,3,7292,0.04
Podemos Perú,GENERAL,FISIOTERAPIA Y TERAPIA FISICA,2,7292,0.03
Podemos Perú,GENERAL,ADMINISTRACION PUBLICA,1,7292,0.01
Podemos Perú,GENERAL,AGRICULTURA,1,7292,0.01
Podemos Perú,GENERAL,ARQUEOLOGIA,1,7292,0.01
Podemos Perú,GENERAL,CONSULTOR POLITICO,1,7292,0.01
Podemos Perú,GENERAL,ENERGIA Y MINAS,1,7292,0.01
Podemos Perú,GENERAL,FILOSOFIA Y TEOLOGIA,1,7292,0.01
Podemos Perú,GENERAL,GESTION PUBLICA,1,7292,0.01
Podemos Perú,GENERAL,PESCA,1,7292,0.01
Podemos Perú,GENERAL,TOPOGRAFIA,1,7292,0.01
Podemos Perú,MUNICIPAL DISTRITAL,INGENIERIA,454,5839,7.78
Podemos Perú,MUNICIPAL DISTRITAL,EDUCACION,436,5839,7.47
Podemos Perú,MUNICIPAL DISTRITAL,ADMINISTRACION,221,5839,3.78
Podemos Perú,MUNICIPAL DISTRITAL,DERECHO,221,5839,3.78
Podemos Perú,MUNICIPAL DISTRITAL,CONTABILIDAD,157,5839,2.69
Podemos Perú,MUNICIPAL DISTRITAL,ENFERMERIA,66,5839,1.13
Podemos Perú,MUNICIPAL DISTRITAL,CIENCIAS POLITICAS,59,5839,1.01
Podemos Perú,MUNICIPAL DISTRITAL,ARQUITECTURA,41,5839,0.7
Podemos Perú,MUNICIPAL DISTRITAL,CIENCIAS DE LA COMUNICACION,40,5839,0.69
Podemos Perú,MUNICIPAL DISTRITAL,OBSTETRICIA,36,5839,0.62
Podemos Perú,MUNICIPAL DISTRITAL,PSICOLOGIA,35,5839,0.6
Podemos Perú,MUNICIPAL DISTRITAL,AGROPECUARIA,34,5839,0.58
Podemos Perú,MUNICIPAL DISTRITAL,ECONOMIA,34,5839,0.58
Podemos Perú,MUNICIPAL DISTRITAL,ODONTOLOGIA,24,5839,0.41
Podemos Perú,MUNICIPAL DISTRITAL,OTROS - OFICIO TECNICO,23,5839,0.39
Podemos Perú,MUNICIPAL DISTRITAL,FARMACIA Y BIOQUIMICA,21,5839,0.36
Podemos Perú,MUNICIPAL DISTRITAL,MEDICO VETERINARIO,21,5839,0.36
Podemos Perú,MUNICIPAL DISTRITAL,MEDICINA,19,5839,0.33
Podemos Perú,MUNICIPAL DISTRITAL,MEDICO CIRUJANO,15,5839,0.26
Podemos Perú,MUNICIPAL DISTRITAL,MATEMATICA Y ESTADISTICA,12,5839,0.21
Podemos Perú,MUNICIPAL DISTRITAL,TRABAJO SOCIAL,10,5839,0.17
Podemos Perú,MUNICIPAL DISTRITAL,BIOLOGIA,9,5839,0.15
Podemos Perú,MUNICIPAL DISTRITAL,SOCIOLOGIA,9,5839,0.15
Podemos Perú,MUNICIPAL DISTRITAL,ANTROPOLOGIA,8,5839,0.14
Podemos Perú,MUNICIPAL DISTRITAL,ARTE Y DISENO,8,5839,0.14
Podemos Perú,MUNICIPAL DISTRITAL,POLICIA O MILITAR,8,5839,0.14
Podemos Perú,MUNICIPAL DISTRITAL,TECNOLOGIA MEDICA,8,5839,0.14
Podemos Perú,MUNICIPAL DISTRITAL,TURISMO Y HOTELERIA,8,5839,0.14
Podemos Perú,MUNICIPAL DISTRITAL,CIENCIAS SOCIALES,7,5839,0.12
Podemos Perú,MUNICIPAL DISTRITAL,COMPUTACION E INFORMATICA,7,5839,0.12
Podemos Perú,MUNICIPAL DISTRITAL,CONSTRUCCION CIVIL,4,5839,0.07
Podemos Perú,MUNICIPAL DISTRITAL,IDIOMAS,4,5839,0.07
Podemos Perú,MUNICIPAL DISTRITAL,NUTRICION Y DIETETICA,4,5839,0.07
Podemos Perú,MUNICIPAL DISTRITAL,FISICA,3,5839,0.05
Podemos Perú,MUNICIPAL DISTRITAL,GASTRONOMIA,3,5839,0.05
Podemos Perú,MUNICIPAL DISTRITAL,QUIMICA,3,5839,0.05
Podemos Perú,MUNICIPAL DISTRITAL,CIENCIAS FORESTALES Y AMBIENTALES,2,5839,0.03
Podemos Perú,MUNICIPAL DISTRITAL,FISIOTERAPIA Y TERAPIA FISICA,2,5839,0.03
Podemos Perú,MUNICIPAL DISTRITAL,HISTORIA,2,5839,0.03
Podemos Perú,MUNICIPAL DISTRITAL,INSTRUCTOR DEPORTIVO,2,5839,0.03
Podemos Perú,MUNICIPAL DISTRITAL,ADMINISTRACION PUBLICA,1,5839,0.02
Podemos Perú,MUNICIPAL DISTRITAL,AGRICULTURA,1,5839,0.02
Podemos Perú,MUNICIPAL DISTRITAL,ARQUEOLOGIA,1,5839,0.02
Podemos Perú,MUNICIPAL DISTRITAL,CONSULTOR POLITICO,1,5839,0.02
Podemos Perú,MUNICIPAL DISTRITAL,ENERGIA Y MINAS,1,5839,0.02
Podemos Perú,MUNICIPAL DISTRITAL,FILOSOFIA Y TEOLOGIA,1,5839,0.02
Podemos Perú,MUNICIPAL DISTRITAL,GESTION PUBLICA,1,5839,0.02
Podemos Perú,MUNICIPAL DISTRITAL,LENGUA Y LITERATURA,1,5839,0.02
Podemos Perú,MUNICIPAL DISTRITAL,PESCA,1,5839,0.02
Podemos Perú,MUNICIPAL PROVINCIAL,EDUCACION,184,1213,15.17
Podemos Perú,MUNICIPAL PROVINCIAL,INGENIERIA,159,1213,13.11
Podemos Perú,MUNICIPAL PROVINCIAL,ADMINISTRACION,99,1213,8.16
Podemos Perú,MUNICIPAL PROVINCIAL,DERECHO,93,1213,7.67
Podemos Perú,MUNICIPAL PROVINCIAL,CONTABILIDAD,70,1213,5.77
Podemos Perú,MUNICIPAL PROVINCIAL,ENFERMERIA,29,1213,2.39
Podemos Perú,MUNICIPAL PROVINCIAL,CIENCIAS POLITICAS,26,1213,2.14
Podemos Perú,MUNICIPAL PROVINCIAL,CIENCIAS DE LA COMUNICACION,18,1213,1.48
Podemos Perú,MUNICIPAL PROVINCIAL,AGROPECUARIA,17,1213,1.4
Podemos Perú,MUNICIPAL PROVINCIAL,ODONTOLOGIA,16,1213,1.32
Podemos Perú,MUNICIPAL PROVINCIAL,PSICOLOGIA,16,1213,1.32
Podemos Perú,MUNICIPAL PROVINCIAL,MEDICINA,15,1213,1.24
Podemos Perú,MUNICIPAL PROVINCIAL,ECONOMIA,14,1213,1.15
Podemos Perú,MUNICIPAL PROVINCIAL,MEDICO VETERINARIO,12,1213,0.99
Podemos Perú,MUNICIPAL PROVINCIAL,ARQUITECTURA,11,1213,0.91
Podemos Perú,MUNICIPAL PROVINCIAL,BIOLOGIA,9,1213,0.74
Podemos Perú,MUNICIPAL PROVINCIAL,MEDICO CIRUJANO,9,1213,0.74
Podemos Perú,MUNICIPAL PROVINCIAL,OTROS - OFICIO TECNICO,9,1213,0.74
Podemos Perú,MUNICIPAL PROVINCIAL,MATEMATICA Y ESTADISTICA,7,1213,0.58
Podemos Perú,MUNICIPAL PROVINCIAL,ANTROPOLOGIA,6,1213,0.49
Podemos Perú,MUNICIPAL PROVINCIAL,FARMACIA Y BIOQUIMICA,6,1213,0.49
Podemos Perú,MUNICIPAL PROVINCIAL,OBSTETRICIA,5,1213,0.41
Podemos Perú,MUNICIPAL PROVINCIAL,ARTE Y DISENO,4,1213,0.33
Podemos Perú,MUNICIPAL PROVINCIAL,CIENCIAS SOCIALES,3,1213,0.25
Podemos Perú,MUNICIPAL PROVINCIAL,INSTRUCTOR DEPORTIVO,3,1213,0.25
Podemos Perú,MUNICIPAL PROVINCIAL,TECNOLOGIA MEDICA,3,1213,0.25
Podemos Perú,MUNICIPAL PROVINCIAL,COMPUTACION E INFORMATICA,2,1213,0.16
Podemos Perú,MUNICIPAL PROVINCIAL,IDIOMAS,2,1213,0.16
Podemos Perú,MUNICIPAL PROVINCIAL,NUTRICION Y DIETETICA,2,1213,0.16
Podemos Perú,MUNICIPAL PROVINCIAL,SOCIOLOGIA,2,1213,0.16
Podemos Perú,MUNICIPAL PROVINCIAL,TURISMO Y HOTELERIA,2,1213,0.16
Podemos Perú,MUNICIPAL PROVINCIAL,GASTRONOMIA,1,1213,0.08
Podemos Perú,MUNICIPAL PROVINCIAL,HISTORIA,1,1213,0.08
Podemos Perú,MUNICIPAL PROVINCIAL,LENGUA Y LITERATURA,1,1213,0.08
Podemos Perú,MUNICIPAL PROVINCIAL,POLICIA O MILITAR,1,1213,0.08
Podemos Perú,MUNICIPAL PROVINCIAL,TOPOGRAFIA,1,1213,0.08
Podemos Perú,MUNICIPAL PROVINCIAL,TRABAJO SOCIAL,1,1213,0.08
Podemos Perú,REGIONAL,INGENIERIA,38,240,15.83
Podemos Perú,REGIONAL,EDUCACION,34,240,14.17
Podemos Perú,REGIONAL,DERECHO,33,240,13.75
Podemos Perú,REGIONAL,CONTABILIDAD,28,240,11.67
Podemos Perú,REGIONAL,ADMINISTRACION,24,240,10
Podemos Perú,REGIONAL,CIENCIAS POLITICAS,10,240,4.17
Podemos Perú,REGIONAL,OBSTETRICIA,8,240,3.33
Podemos Perú,REGIONAL,CIENCIAS DE LA COMUNICACION,6,240,2.5
Podemos Perú,REGIONAL,ENFERMERIA,6,240,2.5
Podemos Perú,REGIONAL,MEDICO CIRUJANO,5,240,2.08
Podemos Perú,REGIONAL,MEDICO VETERINARIO,5,240,2.08
Podemos Perú,REGIONAL,AGROPECUARIA,4,240,1.67
Podemos Perú,REGIONAL,ARQUITECTURA,3,240,1.25
Podemos Perú,REGIONAL,ECONOMIA,3,240,1.25
Podemos Perú,REGIONAL,MEDICINA,3,240,1.25
Podemos Perú,REGIONAL,PSICOLOGIA,3,240,1.25
Podemos Perú,REGIONAL,TRABAJO SOCIAL,3,240,1.25
Podemos Perú,REGIONAL,CIENCIAS SOCIALES,2,240,0.83
Podemos Perú,REGIONAL,OTROS - OFICIO TECNICO,2,240,0.83
Podemos Perú,REGIONAL,TECNOLOGIA MEDICA,2,240,0.83
Podemos Perú,REGIONAL,BIOLOGIA,1,240,0.42
Podemos Perú,REGIONAL,CIENCIAS FORESTALES Y AMBIENTALES,1,240,0.42
Podemos Perú,REGIONAL,COMPUTACION E INFORMATICA,1,240,0.42
Podemos Perú,REGIONAL,FISICA,1,240,0.42
Podemos Perú,REGIONAL,LENGUA Y LITERATURA,1,240,0.42
Primero la Gente,GENERAL,EDUCACION,11,246,4.47
Primero la Gente,GENERAL,INGENIERIA,10,246,4.07
Primero la Gente,GENERAL,CIENCIAS DE LA COMUNICACION,4,246,1.63
Primero la Gente,GENERAL,DERECHO,3,246,1.22
Primero la Gente,GENERAL,POLICIA O MILITAR,3,246,1.22
Primero la Gente,GENERAL,ADMINISTRACION,2,246,0.81
Primero la Gente,GENERAL,MEDICO VETERINARIO,2,246,0.81
Primero la Gente,GENERAL,PSICOLOGIA,2,246,0.81
Primero la Gente,GENERAL,ARQUITECTURA,1,246,0.41
Primero la Gente,GENERAL,BIOLOGIA,1,246,0.41
Primero la Gente,GENERAL,CIENCIAS DE LA INFORMACION,1,246,0.41
Primero la Gente,GENERAL,CIENCIAS POLITICAS,1,246,0.41
Primero la Gente,GENERAL,ENFERMERIA,1,246,0.41
Primero la Gente,GENERAL,OTROS - OFICIO TECNICO,1,246,0.41
Primero la Gente,GENERAL,TECNOLOGIA MEDICA,1,246,0.41
Primero la Gente,MUNICIPAL DISTRITAL,EDUCACION,11,94,11.7
Primero la Gente,MUNICIPAL DISTRITAL,INGENIERIA,7,94,7.45
Primero la Gente,MUNICIPAL DISTRITAL,CIENCIAS DE LA COMUNICACION,3,94,3.19
Primero la Gente,MUNICIPAL DISTRITAL,POLICIA O MILITAR,3,94,3.19
Primero la Gente,MUNICIPAL DISTRITAL,ADMINISTRACION,2,94,2.13
Primero la Gente,MUNICIPAL DISTRITAL,DERECHO,2,94,2.13
Primero la Gente,MUNICIPAL DISTRITAL,ARQUITECTURA,1,94,1.06
Primero la Gente,MUNICIPAL DISTRITAL,BIOLOGIA,1,94,1.06
Primero la Gente,MUNICIPAL DISTRITAL,CIENCIAS DE LA INFORMACION,1,94,1.06
Primero la Gente,MUNICIPAL DISTRITAL,CIENCIAS POLITICAS,1,94,1.06
Primero la Gente,MUNICIPAL DISTRITAL,OTROS - OFICIO TECNICO,1,94,1.06
Primero la Gente,MUNICIPAL DISTRITAL,PSICOLOGIA,1,94,1.06
Primero la Gente,MUNICIPAL PROVINCIAL,INGENIERIA,3,88,3.41
Primero la Gente,MUNICIPAL PROVINCIAL,MEDICO VETERINARIO,2,88,2.27
Primero la Gente,MUNICIPAL PROVINCIAL,CIENCIAS DE LA COMUNICACION,1,88,1.14
Primero la Gente,MUNICIPAL PROVINCIAL,DERECHO,1,88,1.14
Primero la Gente,MUNICIPAL PROVINCIAL,ENFERMERIA,1,88,1.14
Primero la Gente,MUNICIPAL PROVINCIAL,PSICOLOGIA,1,88,1.14
Primero la Gente,MUNICIPAL PROVINCIAL,TECNOLOGIA MEDICA,1,88,1.14
Progresemos,GENERAL,INGENIERIA,347,3579,9.7
Progresemos,GENERAL,EDUCACION,252,3579,7.04
Progresemos,GENERAL,DERECHO,169,3579,4.72
Progresemos,GENERAL,ADMINISTRACION,148,3579,4.14
Progresemos,GENERAL,CONTABILIDAD,106,3579,2.96
Progresemos,GENERAL,ENFERMERIA,52,3579,1.45
Progresemos,GENERAL,AGROPECUARIA,29,3579,0.81
Progresemos,GENERAL,PSICOLOGIA,28,3579,0.78
Progresemos,GENERAL,ECONOMIA,26,3579,0.73
Progresemos,GENERAL,CIENCIAS POLITICAS,24,3579,0.67
Progresemos,GENERAL,OTROS - OFICIO TECNICO,24,3579,0.67
Progresemos,GENERAL,MEDICO VETERINARIO,20,3579,0.56
Progresemos,GENERAL,CIENCIAS DE LA COMUNICACION,16,3579,0.45
Progresemos,GENERAL,ODONTOLOGIA,15,3579,0.42
Progresemos,GENERAL,ARQUITECTURA,14,3579,0.39
Progresemos,GENERAL,HISTORIA,14,3579,0.39
Progresemos,GENERAL,OBSTETRICIA,12,3579,0.34
Progresemos,GENERAL,ANTROPOLOGIA,11,3579,0.31
Progresemos,GENERAL,COMPUTACION E INFORMATICA,11,3579,0.31
Progresemos,GENERAL,MEDICINA,11,3579,0.31
Progresemos,GENERAL,MEDICO CIRUJANO,11,3579,0.31
Progresemos,GENERAL,BIOLOGIA,10,3579,0.28
Progresemos,GENERAL,FARMACIA Y BIOQUIMICA,9,3579,0.25
Progresemos,GENERAL,SOCIOLOGIA,9,3579,0.25
Progresemos,GENERAL,IDIOMAS,8,3579,0.22
Progresemos,GENERAL,POLICIA O MILITAR,8,3579,0.22
Progresemos,GENERAL,TURISMO Y HOTELERIA,7,3579,0.2
Progresemos,GENERAL,ARTE Y DISENO,6,3579,0.17
Progresemos,GENERAL,MATEMATICA Y ESTADISTICA,6,3579,0.17
Progresemos,GENERAL,TRABAJO SOCIAL,5,3579,0.14
Progresemos,GENERAL,CONSTRUCCION CIVIL,4,3579,0.11
Progresemos,GENERAL,LENGUA Y LITERATURA,4,3579,0.11
Progresemos,GENERAL,CIENCIAS SOCIALES,3,3579,0.08
Progresemos,GENERAL,FILOSOFIA Y TEOLOGIA,3,3579,0.08
Progresemos,GENERAL,TECNOLOGIA MEDICA,3,3579,0.08
Progresemos,GENERAL,NUTRICION Y DIETETICA,2,3579,0.06
Progresemos,GENERAL,ARQUEOLOGIA,1,3579,0.03
Progresemos,GENERAL,FISICA,1,3579,0.03
Progresemos,GENERAL,GASTRONOMIA,1,3579,0.03
Progresemos,GENERAL,LENGUA Y Y LITERATURA,1,3579,0.03
Progresemos,GENERAL,QUIMICA,1,3579,0.03
Progresemos,GENERAL,SALUD PUBLICA,1,3579,0.03
Progresemos,MUNICIPAL DISTRITAL,INGENIERIA,221,2744,8.05
Progresemos,MUNICIPAL DISTRITAL,EDUCACION,166,2744,6.05
Progresemos,MUNICIPAL DISTRITAL,ADMINISTRACION,111,2744,4.05
Progresemos,MUNICIPAL DISTRITAL,DERECHO,110,2744,4.01
Progresemos,MUNICIPAL DISTRITAL,CONTABILIDAD,77,2744,2.81
Progresemos,MUNICIPAL DISTRITAL,ENFERMERIA,30,2744,1.09
Progresemos,MUNICIPAL DISTRITAL,AGROPECUARIA,22,2744,0.8
Progresemos,MUNICIPAL DISTRITAL,OTROS - OFICIO TECNICO,21,2744,0.77
Progresemos,MUNICIPAL DISTRITAL,PSICOLOGIA,17,2744,0.62
Progresemos,MUNICIPAL DISTRITAL,CIENCIAS DE LA COMUNICACION,15,2744,0.55
Progresemos,MUNICIPAL DISTRITAL,CIENCIAS POLITICAS,15,2744,0.55
Progresemos,MUNICIPAL DISTRITAL,ECONOMIA,14,2744,0.51
Progresemos,MUNICIPAL DISTRITAL,MEDICO VETERINARIO,12,2744,0.44
Progresemos,MUNICIPAL DISTRITAL,ARQUITECTURA,10,2744,0.36
Progresemos,MUNICIPAL DISTRITAL,COMPUTACION E INFORMATICA,9,2744,0.33
Progresemos,MUNICIPAL DISTRITAL,HISTORIA,9,2744,0.33
Progresemos,MUNICIPAL DISTRITAL,IDIOMAS,8,2744,0.29
Progresemos,MUNICIPAL DISTRITAL,FARMACIA Y BIOQUIMICA,7,2744,0.26
Progresemos,MUNICIPAL DISTRITAL,ODONTOLOGIA,7,2744,0.26
Progresemos,MUNICIPAL DISTRITAL,ANTROPOLOGIA,6,2744,0.22
Progresemos,MUNICIPAL DISTRITAL,MEDICINA,6,2744,0.22
Progresemos,MUNICIPAL DISTRITAL,POLICIA O MILITAR,6,2744,0.22
Progresemos,MUNICIPAL DISTRITAL,ARTE Y DISENO,5,2744,0.18
Progresemos,MUNICIPAL DISTRITAL,OBSTETRICIA,5,2744,0.18
Progresemos,MUNICIPAL DISTRITAL,SOCIOLOGIA,5,2744,0.18
Progresemos,MUNICIPAL DISTRITAL,TURISMO Y HOTELERIA,5,2744,0.18
Progresemos,MUNICIPAL DISTRITAL,BIOLOGIA,4,2744,0.15
Progresemos,MUNICIPAL DISTRITAL,CONSTRUCCION CIVIL,4,2744,0.15
Progresemos,MUNICIPAL DISTRITAL,MATEMATICA Y ESTADISTICA,4,2744,0.15
Progresemos,MUNICIPAL DISTRITAL,MEDICO CIRUJANO,3,2744,0.11
Progresemos,MUNICIPAL DISTRITAL,TECNOLOGIA MEDICA,3,2744,0.11
Progresemos,MUNICIPAL DISTRITAL,TRABAJO SOCIAL,3,2744,0.11
Progresemos,MUNICIPAL DISTRITAL,CIENCIAS SOCIALES,2,2744,0.07
Progresemos,MUNICIPAL DISTRITAL,FILOSOFIA Y TEOLOGIA,2,2744,0.07
Progresemos,MUNICIPAL DISTRITAL,LENGUA Y LITERATURA,2,2744,0.07
Progresemos,MUNICIPAL DISTRITAL,NUTRICION Y DIETETICA,2,2744,0.07
Progresemos,MUNICIPAL DISTRITAL,ARQUEOLOGIA,1,2744,0.04
Progresemos,MUNICIPAL DISTRITAL,GASTRONOMIA,1,2744,0.04
Progresemos,MUNICIPAL DISTRITAL,LENGUA Y Y LITERATURA,1,2744,0.04
Progresemos,MUNICIPAL DISTRITAL,QUIMICA,1,2744,0.04
Progresemos,MUNICIPAL DISTRITAL,SALUD PUBLICA,1,2744,0.04
Progresemos,MUNICIPAL PROVINCIAL,INGENIERIA,102,691,14.76
Progresemos,MUNICIPAL PROVINCIAL,EDUCACION,65,691,9.41
Progresemos,MUNICIPAL PROVINCIAL,DERECHO,46,691,6.66
Progresemos,MUNICIPAL PROVINCIAL,ADMINISTRACION,29,691,4.2
Progresemos,MUNICIPAL PROVINCIAL,ENFERMERIA,20,691,2.89
Progresemos,MUNICIPAL PROVINCIAL,CONTABILIDAD,19,691,2.75
Progresemos,MUNICIPAL PROVINCIAL,ECONOMIA,8,691,1.16
Progresemos,MUNICIPAL PROVINCIAL,ODONTOLOGIA,8,691,1.16
Progresemos,MUNICIPAL PROVINCIAL,PSICOLOGIA,8,691,1.16
Progresemos,MUNICIPAL PROVINCIAL,AGROPECUARIA,7,691,1.01
Progresemos,MUNICIPAL PROVINCIAL,CIENCIAS POLITICAS,7,691,1.01
Progresemos,MUNICIPAL PROVINCIAL,MEDICO VETERINARIO,6,691,0.87
Progresemos,MUNICIPAL PROVINCIAL,OBSTETRICIA,6,691,0.87
Progresemos,MUNICIPAL PROVINCIAL,BIOLOGIA,5,691,0.72
Progresemos,MUNICIPAL PROVINCIAL,MEDICO CIRUJANO,4,691,0.58
Progresemos,MUNICIPAL PROVINCIAL,SOCIOLOGIA,4,691,0.58
Progresemos,MUNICIPAL PROVINCIAL,ANTROPOLOGIA,3,691,0.43
Progresemos,MUNICIPAL PROVINCIAL,ARQUITECTURA,3,691,0.43
Progresemos,MUNICIPAL PROVINCIAL,HISTORIA,3,691,0.43
Progresemos,MUNICIPAL PROVINCIAL,OTROS - OFICIO TECNICO,3,691,0.43
Progresemos,MUNICIPAL PROVINCIAL,FARMACIA Y BIOQUIMICA,2,691,0.29
Progresemos,MUNICIPAL PROVINCIAL,LENGUA Y LITERATURA,2,691,0.29
Progresemos,MUNICIPAL PROVINCIAL,MATEMATICA Y ESTADISTICA,2,691,0.29
Progresemos,MUNICIPAL PROVINCIAL,MEDICINA,2,691,0.29
Progresemos,MUNICIPAL PROVINCIAL,TRABAJO SOCIAL,2,691,0.29
Progresemos,MUNICIPAL PROVINCIAL,TURISMO Y HOTELERIA,2,691,0.29
Progresemos,MUNICIPAL PROVINCIAL,ARTE Y DISENO,1,691,0.14
Progresemos,MUNICIPAL PROVINCIAL,CIENCIAS DE LA COMUNICACION,1,691,0.14
Progresemos,MUNICIPAL PROVINCIAL,CIENCIAS SOCIALES,1,691,0.14
Progresemos,MUNICIPAL PROVINCIAL,COMPUTACION E INFORMATICA,1,691,0.14
Progresemos,MUNICIPAL PROVINCIAL,FILOSOFIA Y TEOLOGIA,1,691,0.14
Progresemos,MUNICIPAL PROVINCIAL,FISICA,1,691,0.14
Progresemos,MUNICIPAL PROVINCIAL,POLICIA O MILITAR,1,691,0.14
Progresemos,REGIONAL,INGENIERIA,24,144,16.67
Progresemos,REGIONAL,EDUCACION,21,144,14.58
Progresemos,REGIONAL,DERECHO,13,144,9.03
Progresemos,REGIONAL,CONTABILIDAD,10,144,6.94
Progresemos,REGIONAL,ADMINISTRACION,8,144,5.56
Progresemos,REGIONAL,ECONOMIA,4,144,2.78
Progresemos,REGIONAL,MEDICO CIRUJANO,4,144,2.78
Progresemos,REGIONAL,MEDICINA,3,144,2.08
Progresemos,REGIONAL,PSICOLOGIA,3,144,2.08
Progresemos,REGIONAL,ANTROPOLOGIA,2,144,1.39
Progresemos,REGIONAL,CIENCIAS POLITICAS,2,144,1.39
Progresemos,REGIONAL,ENFERMERIA,2,144,1.39
Progresemos,REGIONAL,HISTORIA,2,144,1.39
Progresemos,REGIONAL,MEDICO VETERINARIO,2,144,1.39
Progresemos,REGIONAL,ARQUITECTURA,1,144,0.69
Progresemos,REGIONAL,BIOLOGIA,1,144,0.69
Progresemos,REGIONAL,COMPUTACION E INFORMATICA,1,144,0.69
Progresemos,REGIONAL,OBSTETRICIA,1,144,0.69
Progresemos,REGIONAL,POLICIA O MILITAR,1,144,0.69
Pueblo Consciente,GENERAL,DERECHO,18,781,2.3
Pueblo Consciente,GENERAL,INGENIERIA,16,781,2.05
Pueblo Consciente,GENERAL,CONTABILIDAD,15,781,1.92
Pueblo Consciente,GENERAL,EDUCACION,9,781,1.15
Pueblo Consciente,GENERAL,CIENCIAS DE LA COMUNICACION,7,781,0.9
Pueblo Consciente,GENERAL,ADMINISTRACION,4,781,0.51
Pueblo Consciente,GENERAL,ENFERMERIA,4,781,0.51
Pueblo Consciente,GENERAL,ECONOMIA,3,781,0.38
Pueblo Consciente,GENERAL,ARQUITECTURA,2,781,0.26
Pueblo Consciente,GENERAL,POLICIA O MILITAR,2,781,0.26
Pueblo Consciente,GENERAL,ANTROPOLOGIA,1,781,0.13
Pueblo Consciente,GENERAL,BIOLOGIA,1,781,0.13
Pueblo Consciente,GENERAL,CIENCIAS POLITICAS,1,781,0.13
Pueblo Consciente,GENERAL,COMPUTACION E INFORMATICA,1,781,0.13
Pueblo Consciente,GENERAL,MEDICINA,1,781,0.13
Pueblo Consciente,GENERAL,OBSTETRICIA,1,781,0.13
Pueblo Consciente,GENERAL,OTROS - OFICIO TECNICO,1,781,0.13
Pueblo Consciente,GENERAL,PSICOLOGIA,1,781,0.13
Pueblo Consciente,GENERAL,TOPOGRAFIA,1,781,0.13
Pueblo Consciente,GENERAL,TURISMO Y HOTELERIA,1,781,0.13
Pueblo Consciente,MUNICIPAL DISTRITAL,CONTABILIDAD,8,104,7.69
Pueblo Consciente,MUNICIPAL DISTRITAL,INGENIERIA,7,104,6.73
Pueblo Consciente,MUNICIPAL DISTRITAL,ECONOMIA,3,104,2.88
Pueblo Consciente,MUNICIPAL DISTRITAL,ENFERMERIA,3,104,2.88
Pueblo Consciente,MUNICIPAL DISTRITAL,ARQUITECTURA,2,104,1.92
Pueblo Consciente,MUNICIPAL DISTRITAL,CIENCIAS DE LA COMUNICACION,2,104,1.92
Pueblo Consciente,MUNICIPAL DISTRITAL,POLICIA O MILITAR,2,104,1.92
Pueblo Consciente,MUNICIPAL DISTRITAL,ADMINISTRACION,1,104,0.96
Pueblo Consciente,MUNICIPAL DISTRITAL,COMPUTACION E INFORMATICA,1,104,0.96
Pueblo Consciente,MUNICIPAL DISTRITAL,DERECHO,1,104,0.96
Pueblo Consciente,MUNICIPAL DISTRITAL,EDUCACION,1,104,0.96
Pueblo Consciente,MUNICIPAL DISTRITAL,TURISMO Y HOTELERIA,1,104,0.96
Pueblo Consciente,MUNICIPAL PROVINCIAL,DERECHO,13,489,2.66
Pueblo Consciente,MUNICIPAL PROVINCIAL,INGENIERIA,7,489,1.43
Pueblo Consciente,MUNICIPAL PROVINCIAL,EDUCACION,6,489,1.23
Pueblo Consciente,MUNICIPAL PROVINCIAL,CONTABILIDAD,4,489,0.82
Pueblo Consciente,MUNICIPAL PROVINCIAL,ADMINISTRACION,3,489,0.61
Pueblo Consciente,MUNICIPAL PROVINCIAL,CIENCIAS POLITICAS,1,489,0.2
Pueblo Consciente,MUNICIPAL PROVINCIAL,ENFERMERIA,1,489,0.2
Pueblo Consciente,MUNICIPAL PROVINCIAL,PSICOLOGIA,1,489,0.2
Pueblo Consciente,MUNICIPAL PROVINCIAL,TOPOGRAFIA,1,489,0.2
Pueblo Consciente,REGIONAL,CIENCIAS DE LA COMUNICACION,5,188,2.66
Pueblo Consciente,REGIONAL,DERECHO,4,188,2.13
Pueblo Consciente,REGIONAL,CONTABILIDAD,3,188,1.6
Pueblo Consciente,REGIONAL,EDUCACION,2,188,1.06
Pueblo Consciente,REGIONAL,INGENIERIA,2,188,1.06
Pueblo Consciente,REGIONAL,ANTROPOLOGIA,1,188,0.53
Pueblo Consciente,REGIONAL,BIOLOGIA,1,188,0.53
Pueblo Consciente,REGIONAL,MEDICINA,1,188,0.53
Pueblo Consciente,REGIONAL,OBSTETRICIA,1,188,0.53
Pueblo Consciente,REGIONAL,OTROS - OFICIO TECNICO,1,188,0.53
Renovación Popular,GENERAL,INGENIERIA,521,5313,9.81
Renovación Popular,GENERAL,EDUCACION,487,5313,9.17
Renovación Popular,GENERAL,ADMINISTRACION,297,5313,5.59
Renovación Popular,GENERAL,DERECHO,293,5313,5.51
Renovación Popular,GENERAL,CONTABILIDAD,181,5313,3.41
Renovación Popular,GENERAL,CIENCIAS POLITICAS,87,5313,1.64
Renovación Popular,GENERAL,PSICOLOGIA,82,5313,1.54
Renovación Popular,GENERAL,ENFERMERIA,81,5313,1.52
Renovación Popular,GENERAL,ECONOMIA,69,5313,1.3
Renovación Popular,GENERAL,AGROPECUARIA,54,5313,1.02
Renovación Popular,GENERAL,ARQUITECTURA,45,5313,0.85
Renovación Popular,GENERAL,CIENCIAS DE LA COMUNICACION,44,5313,0.83
Renovación Popular,GENERAL,ODONTOLOGIA,42,5313,0.79
Renovación Popular,GENERAL,OBSTETRICIA,41,5313,0.77
Renovación Popular,GENERAL,MEDICINA,38,5313,0.72
Renovación Popular,GENERAL,OTROS - OFICIO TECNICO,37,5313,0.7
Renovación Popular,GENERAL,TURISMO Y HOTELERIA,24,5313,0.45
Renovación Popular,GENERAL,MEDICO CIRUJANO,23,5313,0.43
Renovación Popular,GENERAL,MEDICO VETERINARIO,23,5313,0.43
Renovación Popular,GENERAL,POLICIA O MILITAR,21,5313,0.4
Renovación Popular,GENERAL,FARMACIA Y BIOQUIMICA,18,5313,0.34
Renovación Popular,GENERAL,BIOLOGIA,14,5313,0.26
Renovación Popular,GENERAL,ARTE Y DISENO,13,5313,0.24
Renovación Popular,GENERAL,CIENCIAS FORESTALES Y AMBIENTALES,13,5313,0.24
Renovación Popular,GENERAL,TECNOLOGIA MEDICA,13,5313,0.24
Renovación Popular,GENERAL,TRABAJO SOCIAL,12,5313,0.23
Renovación Popular,GENERAL,MATEMATICA Y ESTADISTICA,9,5313,0.17
Renovación Popular,GENERAL,IDIOMAS,8,5313,0.15
Renovación Popular,GENERAL,GASTRONOMIA,7,5313,0.13
Renovación Popular,GENERAL,ANTROPOLOGIA,6,5313,0.11
Renovación Popular,GENERAL,CIENCIAS SOCIALES,6,5313,0.11
Renovación Popular,GENERAL,NUTRICION Y DIETETICA,6,5313,0.11
Renovación Popular,GENERAL,LENGUA Y LITERATURA,5,5313,0.09
Renovación Popular,GENERAL,SOCIOLOGIA,5,5313,0.09
Renovación Popular,GENERAL,COMPUTACION E INFORMATICA,4,5313,0.08
Renovación Popular,GENERAL,FILOSOFIA Y TEOLOGIA,4,5313,0.08
Renovación Popular,GENERAL,HISTORIA,4,5313,0.08
Renovación Popular,GENERAL,INSTRUCTOR DEPORTIVO,4,5313,0.08
Renovación Popular,GENERAL,ARQUEOLOGIA,2,5313,0.04
Renovación Popular,GENERAL,FISICA,2,5313,0.04
Renovación Popular,GENERAL,FISIOTERAPIA Y TERAPIA FISICA,2,5313,0.04
Renovación Popular,GENERAL,CIENCIAS DE LA INFORMACION,1,5313,0.02
Renovación Popular,GENERAL,CONSTRUCCION CIVIL,1,5313,0.02
Renovación Popular,GENERAL,PUBLICIDAD,1,5313,0.02
Renovación Popular,GENERAL,SEGURIDAD INDUSTRIAL,1,5313,0.02
Renovación Popular,GENERAL,SEGURIDAD MINERA,1,5313,0.02
Renovación Popular,GENERAL,TOPOGRAFIA,1,5313,0.02
Renovación Popular,MUNICIPAL DISTRITAL,INGENIERIA,362,4098,8.83
Renovación Popular,MUNICIPAL DISTRITAL,EDUCACION,324,4098,7.91
Renovación Popular,MUNICIPAL DISTRITAL,ADMINISTRACION,182,4098,4.44
Renovación Popular,MUNICIPAL DISTRITAL,DERECHO,181,4098,4.42
Renovación Popular,MUNICIPAL DISTRITAL,CONTABILIDAD,135,4098,3.29
Renovación Popular,MUNICIPAL DISTRITAL,PSICOLOGIA,59,4098,1.44
Renovación Popular,MUNICIPAL DISTRITAL,ENFERMERIA,58,4098,1.42
Renovación Popular,MUNICIPAL DISTRITAL,CIENCIAS POLITICAS,54,4098,1.32
Renovación Popular,MUNICIPAL DISTRITAL,ECONOMIA,37,4098,0.9
Renovación Popular,MUNICIPAL DISTRITAL,AGROPECUARIA,36,4098,0.88
Renovación Popular,MUNICIPAL DISTRITAL,ARQUITECTURA,34,4098,0.83
Renovación Popular,MUNICIPAL DISTRITAL,CIENCIAS DE LA COMUNICACION,29,4098,0.71
Renovación Popular,MUNICIPAL DISTRITAL,MEDICINA,27,4098,0.66
Renovación Popular,MUNICIPAL DISTRITAL,ODONTOLOGIA,27,4098,0.66
Renovación Popular,MUNICIPAL DISTRITAL,OTROS - OFICIO TECNICO,27,4098,0.66
Renovación Popular,MUNICIPAL DISTRITAL,MEDICO VETERINARIO,20,4098,0.49
Renovación Popular,MUNICIPAL DISTRITAL,OBSTETRICIA,20,4098,0.49
Renovación Popular,MUNICIPAL DISTRITAL,TURISMO Y HOTELERIA,18,4098,0.44
Renovación Popular,MUNICIPAL DISTRITAL,POLICIA O MILITAR,17,4098,0.41
Renovación Popular,MUNICIPAL DISTRITAL,MEDICO CIRUJANO,16,4098,0.39
Renovación Popular,MUNICIPAL DISTRITAL,BIOLOGIA,13,4098,0.32
Renovación Popular,MUNICIPAL DISTRITAL,FARMACIA Y BIOQUIMICA,13,4098,0.32
Renovación Popular,MUNICIPAL DISTRITAL,CIENCIAS FORESTALES Y AMBIENTALES,11,4098,0.27
Renovación Popular,MUNICIPAL DISTRITAL,ARTE Y DISENO,9,4098,0.22
Renovación Popular,MUNICIPAL DISTRITAL,TRABAJO SOCIAL,9,4098,0.22
Renovación Popular,MUNICIPAL DISTRITAL,MATEMATICA Y ESTADISTICA,8,4098,0.2
Renovación Popular,MUNICIPAL DISTRITAL,GASTRONOMIA,7,4098,0.17
Renovación Popular,MUNICIPAL DISTRITAL,TECNOLOGIA MEDICA,7,4098,0.17
Renovación Popular,MUNICIPAL DISTRITAL,IDIOMAS,5,4098,0.12
Renovación Popular,MUNICIPAL DISTRITAL,HISTORIA,4,4098,0.1
Renovación Popular,MUNICIPAL DISTRITAL,LENGUA Y LITERATURA,4,4098,0.1
Renovación Popular,MUNICIPAL DISTRITAL,ANTROPOLOGIA,3,4098,0.07
Renovación Popular,MUNICIPAL DISTRITAL,COMPUTACION E INFORMATICA,3,4098,0.07
Renovación Popular,MUNICIPAL DISTRITAL,NUTRICION Y DIETETICA,3,4098,0.07
Renovación Popular,MUNICIPAL DISTRITAL,SOCIOLOGIA,3,4098,0.07
Renovación Popular,MUNICIPAL DISTRITAL,ARQUEOLOGIA,2,4098,0.05
Renovación Popular,MUNICIPAL DISTRITAL,CIENCIAS SOCIALES,2,4098,0.05
Renovación Popular,MUNICIPAL DISTRITAL,FILOSOFIA Y TEOLOGIA,2,4098,0.05
Renovación Popular,MUNICIPAL DISTRITAL,FISICA,2,4098,0.05
Renovación Popular,MUNICIPAL DISTRITAL,INSTRUCTOR DEPORTIVO,2,4098,0.05
Renovación Popular,MUNICIPAL DISTRITAL,CONSTRUCCION CIVIL,1,4098,0.02
Renovación Popular,MUNICIPAL DISTRITAL,FISIOTERAPIA Y TERAPIA FISICA,1,4098,0.02
Renovación Popular,MUNICIPAL DISTRITAL,PUBLICIDAD,1,4098,0.02
Renovación Popular,MUNICIPAL DISTRITAL,SEGURIDAD INDUSTRIAL,1,4098,0.02
Renovación Popular,MUNICIPAL DISTRITAL,SEGURIDAD MINERA,1,4098,0.02
Renovación Popular,MUNICIPAL PROVINCIAL,INGENIERIA,124,948,13.08
Renovación Popular,MUNICIPAL PROVINCIAL,EDUCACION,108,948,11.39
Renovación Popular,MUNICIPAL PROVINCIAL,ADMINISTRACION,81,948,8.54
Renovación Popular,MUNICIPAL PROVINCIAL,DERECHO,72,948,7.59
Renovación Popular,MUNICIPAL PROVINCIAL,CONTABILIDAD,38,948,4.01
Renovación Popular,MUNICIPAL PROVINCIAL,CIENCIAS POLITICAS,27,948,2.85
Renovación Popular,MUNICIPAL PROVINCIAL,ECONOMIA,24,948,2.53
Renovación Popular,MUNICIPAL PROVINCIAL,ENFERMERIA,19,948,2
Renovación Popular,MUNICIPAL PROVINCIAL,PSICOLOGIA,16,948,1.69
Renovación Popular,MUNICIPAL PROVINCIAL,AGROPECUARIA,12,948,1.27
Renovación Popular,MUNICIPAL PROVINCIAL,OBSTETRICIA,12,948,1.27
Renovación Popular,MUNICIPAL PROVINCIAL,ODONTOLOGIA,12,948,1.27
Renovación Popular,MUNICIPAL PROVINCIAL,CIENCIAS DE LA COMUNICACION,11,948,1.16
Renovación Popular,MUNICIPAL PROVINCIAL,ARQUITECTURA,9,948,0.95
Renovación Popular,MUNICIPAL PROVINCIAL,OTROS - OFICIO TECNICO,8,948,0.84
Renovación Popular,MUNICIPAL PROVINCIAL,MEDICINA,6,948,0.63
Renovación Popular,MUNICIPAL PROVINCIAL,TURISMO Y HOTELERIA,6,948,0.63
Renovación Popular,MUNICIPAL PROVINCIAL,TECNOLOGIA MEDICA,5,948,0.53
Renovación Popular,MUNICIPAL PROVINCIAL,MEDICO CIRUJANO,4,948,0.42
Renovación Popular,MUNICIPAL PROVINCIAL,ANTROPOLOGIA,3,948,0.32
Renovación Popular,MUNICIPAL PROVINCIAL,CIENCIAS SOCIALES,3,948,0.32
Renovación Popular,MUNICIPAL PROVINCIAL,FARMACIA Y BIOQUIMICA,3,948,0.32
Renovación Popular,MUNICIPAL PROVINCIAL,NUTRICION Y DIETETICA,3,948,0.32
Renovación Popular,MUNICIPAL PROVINCIAL,ARTE Y DISENO,2,948,0.21
Renovación Popular,MUNICIPAL PROVINCIAL,IDIOMAS,2,948,0.21
Renovación Popular,MUNICIPAL PROVINCIAL,INSTRUCTOR DEPORTIVO,2,948,0.21
Renovación Popular,MUNICIPAL PROVINCIAL,TRABAJO SOCIAL,2,948,0.21
Renovación Popular,MUNICIPAL PROVINCIAL,BIOLOGIA,1,948,0.11
Renovación Popular,MUNICIPAL PROVINCIAL,CIENCIAS DE LA INFORMACION,1,948,0.11
Renovación Popular,MUNICIPAL PROVINCIAL,CIENCIAS FORESTALES Y AMBIENTALES,1,948,0.11
Renovación Popular,MUNICIPAL PROVINCIAL,COMPUTACION E INFORMATICA,1,948,0.11
Renovación Popular,MUNICIPAL PROVINCIAL,FILOSOFIA Y TEOLOGIA,1,948,0.11
Renovación Popular,MUNICIPAL PROVINCIAL,MATEMATICA Y ESTADISTICA,1,948,0.11
Renovación Popular,MUNICIPAL PROVINCIAL,POLICIA O MILITAR,1,948,0.11
Renovación Popular,MUNICIPAL PROVINCIAL,TOPOGRAFIA,1,948,0.11
Renovación Popular,REGIONAL,EDUCACION,55,267,20.6
Renovación Popular,REGIONAL,DERECHO,40,267,14.98
Renovación Popular,REGIONAL,INGENIERIA,35,267,13.11
Renovación Popular,REGIONAL,ADMINISTRACION,34,267,12.73
Renovación Popular,REGIONAL,OBSTETRICIA,9,267,3.37
Renovación Popular,REGIONAL,CONTABILIDAD,8,267,3
Renovación Popular,REGIONAL,ECONOMIA,8,267,3
Renovación Popular,REGIONAL,PSICOLOGIA,7,267,2.62
Renovación Popular,REGIONAL,AGROPECUARIA,6,267,2.25
Renovación Popular,REGIONAL,CIENCIAS POLITICAS,6,267,2.25
Renovación Popular,REGIONAL,MEDICINA,5,267,1.87
Renovación Popular,REGIONAL,CIENCIAS DE LA COMUNICACION,4,267,1.5
Renovación Popular,REGIONAL,ENFERMERIA,4,267,1.5
Renovación Popular,REGIONAL,MEDICO CIRUJANO,3,267,1.12
Renovación Popular,REGIONAL,MEDICO VETERINARIO,3,267,1.12
Renovación Popular,REGIONAL,ODONTOLOGIA,3,267,1.12
Renovación Popular,REGIONAL,POLICIA O MILITAR,3,267,1.12
Renovación Popular,REGIONAL,ARQUITECTURA,2,267,0.75
Renovación Popular,REGIONAL,ARTE Y DISENO,2,267,0.75
Renovación Popular,REGIONAL,FARMACIA Y BIOQUIMICA,2,267,0.75
Renovación Popular,REGIONAL,OTROS - OFICIO TECNICO,2,267,0.75
Renovación Popular,REGIONAL,SOCIOLOGIA,2,267,0.75
Renovación Popular,REGIONAL,CIENCIAS FORESTALES Y AMBIENTALES,1,267,0.37
Renovación Popular,REGIONAL,CIENCIAS SOCIALES,1,267,0.37
Renovación Popular,REGIONAL,FILOSOFIA Y TEOLOGIA,1,267,0.37
Renovación Popular,REGIONAL,FISIOTERAPIA Y TERAPIA FISICA,1,267,0.37
Renovación Popular,REGIONAL,IDIOMAS,1,267,0.37
Renovación Popular,REGIONAL,LENGUA Y LITERATURA,1,267,0.37
Renovación Popular,REGIONAL,TECNOLOGIA MEDICA,1,267,0.37
Renovación Popular,REGIONAL,TRABAJO SOCIAL,1,267,0.37
Salvemos al Perú,GENERAL,INGENIERIA,44,485,9.07
Salvemos al Perú,GENERAL,EDUCACION,32,485,6.6
Salvemos al Perú,GENERAL,DERECHO,27,485,5.57
Salvemos al Perú,GENERAL,ADMINISTRACION,15,485,3.09
Salvemos al Perú,GENERAL,CONTABILIDAD,10,485,2.06
Salvemos al Perú,GENERAL,OTROS - OFICIO TECNICO,7,485,1.44
Salvemos al Perú,GENERAL,ARQUITECTURA,5,485,1.03
Salvemos al Perú,GENERAL,ENFERMERIA,4,485,0.82
Salvemos al Perú,GENERAL,COMPUTACION E INFORMATICA,3,485,0.62
Salvemos al Perú,GENERAL,MEDICINA,3,485,0.62
Salvemos al Perú,GENERAL,PSICOLOGIA,3,485,0.62
Salvemos al Perú,GENERAL,SOCIOLOGIA,3,485,0.62
Salvemos al Perú,GENERAL,BIOLOGIA,2,485,0.41
Salvemos al Perú,GENERAL,CIENCIAS DE LA COMUNICACION,2,485,0.41
Salvemos al Perú,GENERAL,FISICA,2,485,0.41
Salvemos al Perú,GENERAL,MATEMATICA Y ESTADISTICA,2,485,0.41
Salvemos al Perú,GENERAL,TRABAJO SOCIAL,2,485,0.41
Salvemos al Perú,GENERAL,CIENCIAS POLITICAS,1,485,0.21
Salvemos al Perú,GENERAL,MEDICO VETERINARIO,1,485,0.21
Salvemos al Perú,GENERAL,ODONTOLOGIA,1,485,0.21
Salvemos al Perú,GENERAL,PODOLOGIA,1,485,0.21
Salvemos al Perú,GENERAL,TOPOGRAFIA,1,485,0.21
Salvemos al Perú,MUNICIPAL DISTRITAL,INGENIERIA,32,341,9.38
Salvemos al Perú,MUNICIPAL DISTRITAL,EDUCACION,21,341,6.16
Salvemos al Perú,MUNICIPAL DISTRITAL,DERECHO,16,341,4.69
Salvemos al Perú,MUNICIPAL DISTRITAL,ADMINISTRACION,12,341,3.52
Salvemos al Perú,MUNICIPAL DISTRITAL,CONTABILIDAD,9,341,2.64
Salvemos al Perú,MUNICIPAL DISTRITAL,OTROS - OFICIO TECNICO,5,341,1.47
Salvemos al Perú,MUNICIPAL DISTRITAL,ARQUITECTURA,3,341,0.88
Salvemos al Perú,MUNICIPAL DISTRITAL,MEDICINA,3,341,0.88
Salvemos al Perú,MUNICIPAL DISTRITAL,PSICOLOGIA,3,341,0.88
Salvemos al Perú,MUNICIPAL DISTRITAL,COMPUTACION E INFORMATICA,2,341,0.59
Salvemos al Perú,MUNICIPAL DISTRITAL,ENFERMERIA,2,341,0.59
Salvemos al Perú,MUNICIPAL DISTRITAL,MATEMATICA Y ESTADISTICA,2,341,0.59
Salvemos al Perú,MUNICIPAL DISTRITAL,CIENCIAS DE LA COMUNICACION,1,341,0.29
Salvemos al Perú,MUNICIPAL DISTRITAL,CIENCIAS POLITICAS,1,341,0.29
Salvemos al Perú,MUNICIPAL DISTRITAL,MEDICO VETERINARIO,1,341,0.29
Salvemos al Perú,MUNICIPAL DISTRITAL,PODOLOGIA,1,341,0.29
Salvemos al Perú,MUNICIPAL DISTRITAL,SOCIOLOGIA,1,341,0.29
Salvemos al Perú,MUNICIPAL DISTRITAL,TOPOGRAFIA,1,341,0.29
Salvemos al Perú,MUNICIPAL DISTRITAL,TRABAJO SOCIAL,1,341,0.29
Salvemos al Perú,MUNICIPAL PROVINCIAL,DERECHO,11,108,10.19
Salvemos al Perú,MUNICIPAL PROVINCIAL,EDUCACION,11,108,10.19
Salvemos al Perú,MUNICIPAL PROVINCIAL,INGENIERIA,10,108,9.26
Salvemos al Perú,MUNICIPAL PROVINCIAL,ADMINISTRACION,3,108,2.78
Salvemos al Perú,MUNICIPAL PROVINCIAL,ARQUITECTURA,2,108,1.85
Salvemos al Perú,MUNICIPAL PROVINCIAL,ENFERMERIA,2,108,1.85
Salvemos al Perú,MUNICIPAL PROVINCIAL,SOCIOLOGIA,2,108,1.85
Salvemos al Perú,MUNICIPAL PROVINCIAL,CIENCIAS DE LA COMUNICACION,1,108,0.93
Salvemos al Perú,MUNICIPAL PROVINCIAL,COMPUTACION E INFORMATICA,1,108,0.93
Salvemos al Perú,MUNICIPAL PROVINCIAL,CONTABILIDAD,1,108,0.93
Salvemos al Perú,MUNICIPAL PROVINCIAL,ODONTOLOGIA,1,108,0.93
Salvemos al Perú,MUNICIPAL PROVINCIAL,OTROS - OFICIO TECNICO,1,108,0.93
Salvemos al Perú,MUNICIPAL PROVINCIAL,TRABAJO SOCIAL,1,108,0.93
Salvemos al Perú,REGIONAL,BIOLOGIA,2,36,5.56
Salvemos al Perú,REGIONAL,FISICA,2,36,5.56
Salvemos al Perú,REGIONAL,INGENIERIA,2,36,5.56
Salvemos al Perú,REGIONAL,OTROS - OFICIO TECNICO,1,36,2.78
Somos Perú,GENERAL,EDUCACION,989,9198,10.75
Somos Perú,GENERAL,INGENIERIA,896,9198,9.74
Somos Perú,GENERAL,DERECHO,479,9198,5.21
Somos Perú,GENERAL,ADMINISTRACION,441,9198,4.79
Somos Perú,GENERAL,CONTABILIDAD,333,9198,3.62
Somos Perú,GENERAL,ENFERMERIA,149,9198,1.62
Somos Perú,GENERAL,CIENCIAS POLITICAS,111,9198,1.21
Somos Perú,GENERAL,ECONOMIA,109,9198,1.19
Somos Perú,GENERAL,PSICOLOGIA,103,9198,1.12
Somos Perú,GENERAL,CIENCIAS DE LA COMUNICACION,71,9198,0.77
Somos Perú,GENERAL,AGROPECUARIA,66,9198,0.72
Somos Perú,GENERAL,ARQUITECTURA,66,9198,0.72
Somos Perú,GENERAL,OBSTETRICIA,64,9198,0.7
Somos Perú,GENERAL,ODONTOLOGIA,61,9198,0.66
Somos Perú,GENERAL,OTROS - OFICIO TECNICO,45,9198,0.49
Somos Perú,GENERAL,MEDICO VETERINARIO,34,9198,0.37
Somos Perú,GENERAL,MEDICINA,31,9198,0.34
Somos Perú,GENERAL,MEDICO CIRUJANO,27,9198,0.29
Somos Perú,GENERAL,FARMACIA Y BIOQUIMICA,21,9198,0.23
Somos Perú,GENERAL,MATEMATICA Y ESTADISTICA,21,9198,0.23
Somos Perú,GENERAL,SOCIOLOGIA,21,9198,0.23
Somos Perú,GENERAL,COMPUTACION E INFORMATICA,19,9198,0.21
Somos Perú,GENERAL,TURISMO Y HOTELERIA,19,9198,0.21
Somos Perú,GENERAL,BIOLOGIA,18,9198,0.2
Somos Perú,GENERAL,CIENCIAS FORESTALES Y AMBIENTALES,14,9198,0.15
Somos Perú,GENERAL,POLICIA O MILITAR,14,9198,0.15
Somos Perú,GENERAL,IDIOMAS,13,9198,0.14
Somos Perú,GENERAL,TECNOLOGIA MEDICA,13,9198,0.14
Somos Perú,GENERAL,TRABAJO SOCIAL,12,9198,0.13
Somos Perú,GENERAL,ANTROPOLOGIA,11,9198,0.12
Somos Perú,GENERAL,CIENCIAS SOCIALES,10,9198,0.11
Somos Perú,GENERAL,INSTRUCTOR DEPORTIVO,10,9198,0.11
Somos Perú,GENERAL,NUTRICION Y DIETETICA,10,9198,0.11
Somos Perú,GENERAL,HISTORIA,9,9198,0.1
Somos Perú,GENERAL,ARTE Y DISENO,8,9198,0.09
Somos Perú,GENERAL,GASTRONOMIA,8,9198,0.09
Somos Perú,GENERAL,FILOSOFIA Y TEOLOGIA,6,9198,0.07
Somos Perú,GENERAL,LENGUA Y LITERATURA,6,9198,0.07
Somos Perú,GENERAL,FISIOTERAPIA Y TERAPIA FISICA,4,9198,0.04
Somos Perú,GENERAL,ARQUEOLOGIA,2,9198,0.02
Somos Perú,GENERAL,CIENCIAS MARITIMAS NAVALES,2,9198,0.02
Somos Perú,GENERAL,CONSTRUCCION CIVIL,2,9198,0.02
Somos Perú,GENERAL,FISICA,2,9198,0.02
Somos Perú,GENERAL,TOPOGRAFIA,2,9198,0.02
Somos Perú,GENERAL,ARTE AUDIOVISUAL,1,9198,0.01
Somos Perú,GENERAL,BIOTECNOLOGIA,1,9198,0.01
Somos Perú,GENERAL,CIENCIAS MARITIMO NAVALES,1,9198,0.01
Somos Perú,GENERAL,PODOLOGIA,1,9198,0.01
Somos Perú,GENERAL,QUIMICA,1,9198,0.01
Somos Perú,MUNICIPAL DISTRITAL,EDUCACION,658,7349,8.95
Somos Perú,MUNICIPAL DISTRITAL,INGENIERIA,621,7349,8.45
Somos Perú,MUNICIPAL DISTRITAL,DERECHO,299,7349,4.07
Somos Perú,MUNICIPAL DISTRITAL,ADMINISTRACION,280,7349,3.81
Somos Perú,MUNICIPAL DISTRITAL,CONTABILIDAD,209,7349,2.84
Somos Perú,MUNICIPAL DISTRITAL,ENFERMERIA,94,7349,1.28
Somos Perú,MUNICIPAL DISTRITAL,CIENCIAS POLITICAS,65,7349,0.88
Somos Perú,MUNICIPAL DISTRITAL,ECONOMIA,65,7349,0.88
Somos Perú,MUNICIPAL DISTRITAL,PSICOLOGIA,65,7349,0.88
Somos Perú,MUNICIPAL DISTRITAL,ARQUITECTURA,47,7349,0.64
Somos Perú,MUNICIPAL DISTRITAL,CIENCIAS DE LA COMUNICACION,45,7349,0.61
Somos Perú,MUNICIPAL DISTRITAL,ODONTOLOGIA,44,7349,0.6
Somos Perú,MUNICIPAL DISTRITAL,AGROPECUARIA,43,7349,0.59
Somos Perú,MUNICIPAL DISTRITAL,OTROS - OFICIO TECNICO,35,7349,0.48
Somos Perú,MUNICIPAL DISTRITAL,OBSTETRICIA,32,7349,0.44
Somos Perú,MUNICIPAL DISTRITAL,MEDICO VETERINARIO,22,7349,0.3
Somos Perú,MUNICIPAL DISTRITAL,FARMACIA Y BIOQUIMICA,19,7349,0.26
Somos Perú,MUNICIPAL DISTRITAL,MEDICINA,18,7349,0.24
Somos Perú,MUNICIPAL DISTRITAL,SOCIOLOGIA,17,7349,0.23
Somos Perú,MUNICIPAL DISTRITAL,MATEMATICA Y ESTADISTICA,15,7349,0.2
Somos Perú,MUNICIPAL DISTRITAL,COMPUTACION E INFORMATICA,14,7349,0.19
Somos Perú,MUNICIPAL DISTRITAL,BIOLOGIA,13,7349,0.18
Somos Perú,MUNICIPAL DISTRITAL,MEDICO CIRUJANO,12,7349,0.16
Somos Perú,MUNICIPAL DISTRITAL,ANTROPOLOGIA,11,7349,0.15
Somos Perú,MUNICIPAL DISTRITAL,CIENCIAS FORESTALES Y AMBIENTALES,10,7349,0.14
Somos Perú,MUNICIPAL DISTRITAL,POLICIA O MILITAR,10,7349,0.14
Somos Perú,MUNICIPAL DISTRITAL,CIENCIAS SOCIALES,9,7349,0.12
Somos Perú,MUNICIPAL DISTRITAL,TURISMO Y HOTELERIA,9,7349,0.12
Somos Perú,MUNICIPAL DISTRITAL,IDIOMAS,8,7349,0.11
Somos Perú,MUNICIPAL DISTRITAL,GASTRONOMIA,7,7349,0.1
Somos Perú,MUNICIPAL DISTRITAL,HISTORIA,7,7349,0.1
Somos Perú,MUNICIPAL DISTRITAL,TECNOLOGIA MEDICA,7,7349,0.1
Somos Perú,MUNICIPAL DISTRITAL,FILOSOFIA Y TEOLOGIA,6,7349,0.08
Somos Perú,MUNICIPAL DISTRITAL,NUTRICION Y DIETETICA,5,7349,0.07
Somos Perú,MUNICIPAL DISTRITAL,ARTE Y DISENO,4,7349,0.05
Somos Perú,MUNICIPAL DISTRITAL,INSTRUCTOR DEPORTIVO,4,7349,0.05
Somos Perú,MUNICIPAL DISTRITAL,LENGUA Y LITERATURA,3,7349,0.04
Somos Perú,MUNICIPAL DISTRITAL,TRABAJO SOCIAL,3,7349,0.04
Somos Perú,MUNICIPAL DISTRITAL,ARQUEOLOGIA,2,7349,0.03
Somos Perú,MUNICIPAL DISTRITAL,FISICA,2,7349,0.03
Somos Perú,MUNICIPAL DISTRITAL,ARTE AUDIOVISUAL,1,7349,0.01
Somos Perú,MUNICIPAL DISTRITAL,BIOTECNOLOGIA,1,7349,0.01
Somos Perú,MUNICIPAL DISTRITAL,CIENCIAS MARITIMAS NAVALES,1,7349,0.01
Somos Perú,MUNICIPAL DISTRITAL,CIENCIAS MARITIMO NAVALES,1,7349,0.01
Somos Perú,MUNICIPAL DISTRITAL,CONSTRUCCION CIVIL,1,7349,0.01
Somos Perú,MUNICIPAL DISTRITAL,FISIOTERAPIA Y TERAPIA FISICA,1,7349,0.01
Somos Perú,MUNICIPAL DISTRITAL,TOPOGRAFIA,1,7349,0.01
Somos Perú,MUNICIPAL PROVINCIAL,EDUCACION,275,1522,18.07
Somos Perú,MUNICIPAL PROVINCIAL,INGENIERIA,212,1522,13.93
Somos Perú,MUNICIPAL PROVINCIAL,DERECHO,137,1522,9
Somos Perú,MUNICIPAL PROVINCIAL,ADMINISTRACION,129,1522,8.48
Somos Perú,MUNICIPAL PROVINCIAL,CONTABILIDAD,94,1522,6.18
Somos Perú,MUNICIPAL PROVINCIAL,ENFERMERIA,42,1522,2.76
Somos Perú,MUNICIPAL PROVINCIAL,PSICOLOGIA,33,1522,2.17
Somos Perú,MUNICIPAL PROVINCIAL,ECONOMIA,32,1522,2.1
Somos Perú,MUNICIPAL PROVINCIAL,CIENCIAS POLITICAS,29,1522,1.91
Somos Perú,MUNICIPAL PROVINCIAL,CIENCIAS DE LA COMUNICACION,23,1522,1.51
Somos Perú,MUNICIPAL PROVINCIAL,OBSTETRICIA,22,1522,1.45
Somos Perú,MUNICIPAL PROVINCIAL,AGROPECUARIA,18,1522,1.18
Somos Perú,MUNICIPAL PROVINCIAL,ARQUITECTURA,17,1522,1.12
Somos Perú,MUNICIPAL PROVINCIAL,MEDICO CIRUJANO,11,1522,0.72
Somos Perú,MUNICIPAL PROVINCIAL,MEDICO VETERINARIO,11,1522,0.72
Somos Perú,MUNICIPAL PROVINCIAL,ODONTOLOGIA,11,1522,0.72
Somos Perú,MUNICIPAL PROVINCIAL,OTROS - OFICIO TECNICO,9,1522,0.59
Somos Perú,MUNICIPAL PROVINCIAL,TRABAJO SOCIAL,9,1522,0.59
Somos Perú,MUNICIPAL PROVINCIAL,MEDICINA,7,1522,0.46
Somos Perú,MUNICIPAL PROVINCIAL,TURISMO Y HOTELERIA,7,1522,0.46
Somos Perú,MUNICIPAL PROVINCIAL,TECNOLOGIA MEDICA,6,1522,0.39
Somos Perú,MUNICIPAL PROVINCIAL,COMPUTACION E INFORMATICA,5,1522,0.33
Somos Perú,MUNICIPAL PROVINCIAL,INSTRUCTOR DEPORTIVO,5,1522,0.33
Somos Perú,MUNICIPAL PROVINCIAL,MATEMATICA Y ESTADISTICA,5,1522,0.33
Somos Perú,MUNICIPAL PROVINCIAL,ARTE Y DISENO,4,1522,0.26
Somos Perú,MUNICIPAL PROVINCIAL,BIOLOGIA,4,1522,0.26
Somos Perú,MUNICIPAL PROVINCIAL,NUTRICION Y DIETETICA,4,1522,0.26
Somos Perú,MUNICIPAL PROVINCIAL,POLICIA O MILITAR,4,1522,0.26
Somos Perú,MUNICIPAL PROVINCIAL,CIENCIAS FORESTALES Y AMBIENTALES,3,1522,0.2
Somos Perú,MUNICIPAL PROVINCIAL,FISIOTERAPIA Y TERAPIA FISICA,3,1522,0.2
Somos Perú,MUNICIPAL PROVINCIAL,IDIOMAS,3,1522,0.2
Somos Perú,MUNICIPAL PROVINCIAL,FARMACIA Y BIOQUIMICA,2,1522,0.13
Somos Perú,MUNICIPAL PROVINCIAL,LENGUA Y LITERATURA,2,1522,0.13
Somos Perú,MUNICIPAL PROVINCIAL,SOCIOLOGIA,2,1522,0.13
Somos Perú,MUNICIPAL PROVINCIAL,CIENCIAS MARITIMAS NAVALES,1,1522,0.07
Somos Perú,MUNICIPAL PROVINCIAL,CIENCIAS SOCIALES,1,1522,0.07
Somos Perú,MUNICIPAL PROVINCIAL,CONSTRUCCION CIVIL,1,1522,0.07
Somos Perú,MUNICIPAL PROVINCIAL,GASTRONOMIA,1,1522,0.07
Somos Perú,MUNICIPAL PROVINCIAL,HISTORIA,1,1522,0.07
Somos Perú,MUNICIPAL PROVINCIAL,PODOLOGIA,1,1522,0.07
Somos Perú,MUNICIPAL PROVINCIAL,QUIMICA,1,1522,0.07
Somos Perú,MUNICIPAL PROVINCIAL,TOPOGRAFIA,1,1522,0.07
Somos Perú,REGIONAL,INGENIERIA,63,327,19.27
Somos Perú,REGIONAL,EDUCACION,56,327,17.13
Somos Perú,REGIONAL,DERECHO,43,327,13.15
Somos Perú,REGIONAL,ADMINISTRACION,32,327,9.79
Somos Perú,REGIONAL,CONTABILIDAD,30,327,9.17
Somos Perú,REGIONAL,CIENCIAS POLITICAS,17,327,5.2
Somos Perú,REGIONAL,ENFERMERIA,13,327,3.98
Somos Perú,REGIONAL,ECONOMIA,12,327,3.67
Somos Perú,REGIONAL,OBSTETRICIA,10,327,3.06
Somos Perú,REGIONAL,MEDICINA,6,327,1.83
Somos Perú,REGIONAL,ODONTOLOGIA,6,327,1.83
Somos Perú,REGIONAL,AGROPECUARIA,5,327,1.53
Somos Perú,REGIONAL,PSICOLOGIA,5,327,1.53
Somos Perú,REGIONAL,MEDICO CIRUJANO,4,327,1.22
Somos Perú,REGIONAL,CIENCIAS DE LA COMUNICACION,3,327,0.92
Somos Perú,REGIONAL,TURISMO Y HOTELERIA,3,327,0.92
Somos Perú,REGIONAL,ARQUITECTURA,2,327,0.61
Somos Perú,REGIONAL,IDIOMAS,2,327,0.61
Somos Perú,REGIONAL,SOCIOLOGIA,2,327,0.61
Somos Perú,REGIONAL,BIOLOGIA,1,327,0.31
Somos Perú,REGIONAL,CIENCIAS FORESTALES Y AMBIENTALES,1,327,0.31
Somos Perú,REGIONAL,HISTORIA,1,327,0.31
Somos Perú,REGIONAL,INSTRUCTOR DEPORTIVO,1,327,0.31
Somos Perú,REGIONAL,LENGUA Y LITERATURA,1,327,0.31
Somos Perú,REGIONAL,MATEMATICA Y ESTADISTICA,1,327,0.31
Somos Perú,REGIONAL,MEDICO VETERINARIO,1,327,0.31
Somos Perú,REGIONAL,NUTRICION Y DIETETICA,1,327,0.31
Somos Perú,REGIONAL,OTROS - OFICIO TECNICO,1,327,0.31
SíCreo,GENERAL,INGENIERIA,17,170,10
SíCreo,GENERAL,DERECHO,11,170,6.47
SíCreo,GENERAL,EDUCACION,9,170,5.29
SíCreo,GENERAL,CONTABILIDAD,7,170,4.12
SíCreo,GENERAL,PSICOLOGIA,6,170,3.53
SíCreo,GENERAL,ADMINISTRACION,5,170,2.94
SíCreo,GENERAL,ENFERMERIA,5,170,2.94
SíCreo,GENERAL,ODONTOLOGIA,5,170,2.94
SíCreo,GENERAL,ECONOMIA,3,170,1.76
SíCreo,GENERAL,OBSTETRICIA,3,170,1.76
SíCreo,GENERAL,ANTROPOLOGIA,2,170,1.18
SíCreo,GENERAL,ARQUITECTURA,2,170,1.18
SíCreo,GENERAL,ARTE Y DISENO,2,170,1.18
SíCreo,GENERAL,CIENCIAS DE LA COMUNICACION,2,170,1.18
SíCreo,GENERAL,CIENCIAS POLITICAS,2,170,1.18
SíCreo,GENERAL,AGROPECUARIA,1,170,0.59
SíCreo,GENERAL,MEDICINA,1,170,0.59
SíCreo,GENERAL,MEDICO CIRUJANO,1,170,0.59
SíCreo,GENERAL,OTROS - OFICIO TECNICO,1,170,0.59
SíCreo,MUNICIPAL DISTRITAL,INGENIERIA,10,129,7.75
SíCreo,MUNICIPAL DISTRITAL,DERECHO,8,129,6.2
SíCreo,MUNICIPAL DISTRITAL,CONTABILIDAD,6,129,4.65
SíCreo,MUNICIPAL DISTRITAL,EDUCACION,5,129,3.88
SíCreo,MUNICIPAL DISTRITAL,ODONTOLOGIA,5,129,3.88
SíCreo,MUNICIPAL DISTRITAL,ENFERMERIA,4,129,3.1
SíCreo,MUNICIPAL DISTRITAL,ADMINISTRACION,3,129,2.33
SíCreo,MUNICIPAL DISTRITAL,OBSTETRICIA,3,129,2.33
SíCreo,MUNICIPAL DISTRITAL,PSICOLOGIA,3,129,2.33
SíCreo,MUNICIPAL DISTRITAL,ANTROPOLOGIA,2,129,1.55
SíCreo,MUNICIPAL DISTRITAL,ARTE Y DISENO,2,129,1.55
SíCreo,MUNICIPAL DISTRITAL,CIENCIAS DE LA COMUNICACION,2,129,1.55
SíCreo,MUNICIPAL DISTRITAL,CIENCIAS POLITICAS,2,129,1.55
SíCreo,MUNICIPAL DISTRITAL,AGROPECUARIA,1,129,0.78
SíCreo,MUNICIPAL DISTRITAL,ARQUITECTURA,1,129,0.78
SíCreo,MUNICIPAL PROVINCIAL,INGENIERIA,7,41,17.07
SíCreo,MUNICIPAL PROVINCIAL,EDUCACION,4,41,9.76
SíCreo,MUNICIPAL PROVINCIAL,DERECHO,3,41,7.32
SíCreo,MUNICIPAL PROVINCIAL,ECONOMIA,3,41,7.32
SíCreo,MUNICIPAL PROVINCIAL,PSICOLOGIA,3,41,7.32
SíCreo,MUNICIPAL PROVINCIAL,ADMINISTRACION,2,41,4.88
SíCreo,MUNICIPAL PROVINCIAL,ARQUITECTURA,1,41,2.44
SíCreo,MUNICIPAL PROVINCIAL,CONTABILIDAD,1,41,2.44
SíCreo,MUNICIPAL PROVINCIAL,ENFERMERIA,1,41,2.44
SíCreo,MUNICIPAL PROVINCIAL,MEDICINA,1,41,2.44
SíCreo,MUNICIPAL PROVINCIAL,MEDICO CIRUJANO,1,41,2.44
SíCreo,MUNICIPAL PROVINCIAL,OTROS - OFICIO TECNICO,1,41,2.44
Todo con el Pueblo,GENERAL,EDUCACION,29,374,7.75
Todo con el Pueblo,GENERAL,INGENIERIA,15,374,4.01
Todo con el Pueblo,GENERAL,ADMINISTRACION,7,374,1.87
Todo con el Pueblo,GENERAL,OBSTETRICIA,6,374,1.6
Todo con el Pueblo,GENERAL,DERECHO,5,374,1.34
Todo con el Pueblo,GENERAL,ECONOMIA,5,374,1.34
Todo con el Pueblo,GENERAL,ENFERMERIA,4,374,1.07
Todo con el Pueblo,GENERAL,MEDICO VETERINARIO,3,374,0.8
Todo con el Pueblo,GENERAL,TURISMO Y HOTELERIA,3,374,0.8
Todo con el Pueblo,GENERAL,CONTABILIDAD,2,374,0.53
Todo con el Pueblo,GENERAL,SOCIOLOGIA,2,374,0.53
Todo con el Pueblo,GENERAL,ARQUITECTURA,1,374,0.27
Todo con el Pueblo,GENERAL,ARTE Y DISENO,1,374,0.27
Todo con el Pueblo,GENERAL,LENGUA Y LITERATURA,1,374,0.27
Todo con el Pueblo,GENERAL,POLICIA O MILITAR,1,374,0.27
Todo con el Pueblo,MUNICIPAL DISTRITAL,EDUCACION,6,91,6.59
Todo con el Pueblo,MUNICIPAL DISTRITAL,ECONOMIA,5,91,5.49
Todo con el Pueblo,MUNICIPAL DISTRITAL,INGENIERIA,4,91,4.4
Todo con el Pueblo,MUNICIPAL DISTRITAL,OBSTETRICIA,3,91,3.3
Todo con el Pueblo,MUNICIPAL DISTRITAL,CONTABILIDAD,2,91,2.2
Todo con el Pueblo,MUNICIPAL PROVINCIAL,EDUCACION,17,144,11.81
Todo con el Pueblo,MUNICIPAL PROVINCIAL,INGENIERIA,10,144,6.94
Todo con el Pueblo,MUNICIPAL PROVINCIAL,ADMINISTRACION,4,144,2.78
Todo con el Pueblo,MUNICIPAL PROVINCIAL,DERECHO,4,144,2.78
Todo con el Pueblo,MUNICIPAL PROVINCIAL,ENFERMERIA,2,144,1.39
Todo con el Pueblo,MUNICIPAL PROVINCIAL,SOCIOLOGIA,2,144,1.39
Todo con el Pueblo,MUNICIPAL PROVINCIAL,TURISMO Y HOTELERIA,2,144,1.39
Todo con el Pueblo,MUNICIPAL PROVINCIAL,ARTE Y DISENO,1,144,0.69
Todo con el Pueblo,MUNICIPAL PROVINCIAL,LENGUA Y LITERATURA,1,144,0.69
Todo con el Pueblo,MUNICIPAL PROVINCIAL,MEDICO VETERINARIO,1,144,0.69
Todo con el Pueblo,MUNICIPAL PROVINCIAL,POLICIA O MILITAR,1,144,0.69
Todo con el Pueblo,REGIONAL,EDUCACION,6,139,4.32
Todo con el Pueblo,REGIONAL,ADMINISTRACION,3,139,2.16
Todo con el Pueblo,REGIONAL,OBSTETRICIA,3,139,2.16
Todo con el Pueblo,REGIONAL,ENFERMERIA,2,139,1.44
Todo con el Pueblo,REGIONAL,MEDICO VETERINARIO,2,139,1.44
Todo con el Pueblo,REGIONAL,ARQUITECTURA,1,139,0.72
Todo con el Pueblo,REGIONAL,DERECHO,1,139,0.72
Todo con el Pueblo,REGIONAL,INGENIERIA,1,139,0.72
Todo con el Pueblo,REGIONAL,TURISMO Y HOTELERIA,1,139,0.72
Un Camino Diferente,GENERAL,INGENIERIA,22,181,12.15
Un Camino Diferente,GENERAL,EDUCACION,13,181,7.18
Un Camino Diferente,GENERAL,DERECHO,10,181,5.52
Un Camino Diferente,GENERAL,ADMINISTRACION,6,181,3.31
Un Camino Diferente,GENERAL,CONTABILIDAD,5,181,2.76
Un Camino Diferente,GENERAL,CIENCIAS DE LA COMUNICACION,4,181,2.21
Un Camino Diferente,GENERAL,OBSTETRICIA,4,181,2.21
Un Camino Diferente,GENERAL,CIENCIAS POLITICAS,2,181,1.1
Un Camino Diferente,GENERAL,ODONTOLOGIA,2,181,1.1
Un Camino Diferente,GENERAL,TRABAJO SOCIAL,2,181,1.1
Un Camino Diferente,GENERAL,ARQUITECTURA,1,181,0.55
Un Camino Diferente,GENERAL,BIOLOGIA,1,181,0.55
Un Camino Diferente,GENERAL,COMPUTACION E INFORMATICA,1,181,0.55
Un Camino Diferente,GENERAL,ECONOMIA,1,181,0.55
Un Camino Diferente,GENERAL,ENFERMERIA,1,181,0.55
Un Camino Diferente,GENERAL,FARMACIA Y BIOQUIMICA,1,181,0.55
Un Camino Diferente,GENERAL,INSTRUCTOR DEPORTIVO,1,181,0.55
Un Camino Diferente,GENERAL,MATEMATICA Y ESTADISTICA,1,181,0.55
Un Camino Diferente,GENERAL,MEDICINA,1,181,0.55
Un Camino Diferente,GENERAL,MEDICO CIRUJANO,1,181,0.55
Un Camino Diferente,GENERAL,OTROS - OFICIO TECNICO,1,181,0.55
Un Camino Diferente,GENERAL,PSICOLOGIA,1,181,0.55
Un Camino Diferente,MUNICIPAL DISTRITAL,INGENIERIA,12,138,8.7
Un Camino Diferente,MUNICIPAL DISTRITAL,DERECHO,10,138,7.25
Un Camino Diferente,MUNICIPAL DISTRITAL,EDUCACION,9,138,6.52
Un Camino Diferente,MUNICIPAL DISTRITAL,CIENCIAS DE LA COMUNICACION,3,138,2.17
Un Camino Diferente,MUNICIPAL DISTRITAL,CONTABILIDAD,3,138,2.17
Un Camino Diferente,MUNICIPAL DISTRITAL,CIENCIAS POLITICAS,2,138,1.45
Un Camino Diferente,MUNICIPAL DISTRITAL,ODONTOLOGIA,2,138,1.45
Un Camino Diferente,MUNICIPAL DISTRITAL,ADMINISTRACION,1,138,0.72
Un Camino Diferente,MUNICIPAL DISTRITAL,BIOLOGIA,1,138,0.72
Un Camino Diferente,MUNICIPAL DISTRITAL,INSTRUCTOR DEPORTIVO,1,138,0.72
Un Camino Diferente,MUNICIPAL DISTRITAL,MEDICINA,1,138,0.72
Un Camino Diferente,MUNICIPAL DISTRITAL,MEDICO CIRUJANO,1,138,0.72
Un Camino Diferente,MUNICIPAL DISTRITAL,OBSTETRICIA,1,138,0.72
Un Camino Diferente,MUNICIPAL DISTRITAL,OTROS - OFICIO TECNICO,1,138,0.72
Un Camino Diferente,MUNICIPAL DISTRITAL,PSICOLOGIA,1,138,0.72
Un Camino Diferente,MUNICIPAL DISTRITAL,TRABAJO SOCIAL,1,138,0.72
Un Camino Diferente,MUNICIPAL PROVINCIAL,INGENIERIA,10,43,23.26
Un Camino Diferente,MUNICIPAL PROVINCIAL,ADMINISTRACION,5,43,11.63
Un Camino Diferente,MUNICIPAL PROVINCIAL,EDUCACION,4,43,9.3
Un Camino Diferente,MUNICIPAL PROVINCIAL,OBSTETRICIA,3,43,6.98
Un Camino Diferente,MUNICIPAL PROVINCIAL,CONTABILIDAD,2,43,4.65
Un Camino Diferente,MUNICIPAL PROVINCIAL,ARQUITECTURA,1,43,2.33
Un Camino Diferente,MUNICIPAL PROVINCIAL,CIENCIAS DE LA COMUNICACION,1,43,2.33
Un Camino Diferente,MUNICIPAL PROVINCIAL,COMPUTACION E INFORMATICA,1,43,2.33
Un Camino Diferente,MUNICIPAL PROVINCIAL,ECONOMIA,1,43,2.33
Un Camino Diferente,MUNICIPAL PROVINCIAL,ENFERMERIA,1,43,2.33
Un Camino Diferente,MUNICIPAL PROVINCIAL,FARMACIA Y BIOQUIMICA,1,43,2.33
Un Camino Diferente,MUNICIPAL PROVINCIAL,MATEMATICA Y ESTADISTICA,1,43,2.33
Un Camino Diferente,MUNICIPAL PROVINCIAL,TRABAJO SOCIAL,1,43,2.33
Unidad y Paz,GENERAL,DERECHO,5,121,4.13
Unidad y Paz,GENERAL,ADMINISTRACION,4,121,3.31
Unidad y Paz,GENERAL,INGENIERIA,4,121,3.31
Unidad y Paz,GENERAL,EDUCACION,2,121,1.65
Unidad y Paz,GENERAL,OTROS - OFICIO TECNICO,2,121,1.65
Unidad y Paz,GENERAL,ARQUITECTURA,1,121,0.83
Unidad y Paz,GENERAL,CIENCIAS DE LA COMUNICACION,1,121,0.83
Unidad y Paz,GENERAL,COMPUTACION E INFORMATICA,1,121,0.83
Unidad y Paz,GENERAL,CONTABILIDAD,1,121,0.83
Unidad y Paz,GENERAL,ECONOMIA,1,121,0.83
Unidad y Paz,GENERAL,POLICIA O MILITAR,1,121,0.83
Unidad y Paz,MUNICIPAL DISTRITAL,DERECHO,5,121,4.13
Unidad y Paz,MUNICIPAL DISTRITAL,ADMINISTRACION,4,121,3.31
Unidad y Paz,MUNICIPAL DISTRITAL,INGENIERIA,4,121,3.31
Unidad y Paz,MUNICIPAL DISTRITAL,EDUCACION,2,121,1.65
Unidad y Paz,MUNICIPAL DISTRITAL,OTROS - OFICIO TECNICO,2,121,1.65
Unidad y Paz,MUNICIPAL DISTRITAL,ARQUITECTURA,1,121,0.83
Unidad y Paz,MUNICIPAL DISTRITAL,CIENCIAS DE LA COMUNICACION,1,121,0.83
Unidad y Paz,MUNICIPAL DISTRITAL,COMPUTACION E INFORMATICA,1,121,0.83
Unidad y Paz,MUNICIPAL DISTRITAL,CONTABILIDAD,1,121,0.83
Unidad y Paz,MUNICIPAL DISTRITAL,ECONOMIA,1,121,0.83
Unidad y Paz,MUNICIPAL DISTRITAL,POLICIA O MILITAR,1,121,0.83
Unido Perú,GENERAL,INGENIERIA,12,316,3.8
Unido Perú,GENERAL,EDUCACION,8,316,2.53
Unido Perú,GENERAL,DERECHO,7,316,2.22
Unido Perú,GENERAL,ADMINISTRACION,6,316,1.9
Unido Perú,GENERAL,CONTABILIDAD,6,316,1.9
Unido Perú,GENERAL,ENFERMERIA,3,316,0.95
Unido Perú,GENERAL,ODONTOLOGIA,3,316,0.95
Unido Perú,GENERAL,MEDICO VETERINARIO,2,316,0.63
Unido Perú,GENERAL,PSICOLOGIA,2,316,0.63
Unido Perú,GENERAL,ARTE Y DISENO,1,316,0.32
Unido Perú,GENERAL,CIENCIAS POLITICAS,1,316,0.32
Unido Perú,GENERAL,FISICA,1,316,0.32
Unido Perú,GENERAL,HISTORIA,1,316,0.32
Unido Perú,GENERAL,INSTRUCTOR DEPORTIVO,1,316,0.32
Unido Perú,GENERAL,MEDICO CIRUJANO,1,316,0.32
Unido Perú,GENERAL,OBSTETRICIA,1,316,0.32
Unido Perú,GENERAL,TECNOLOGIA MEDICA,1,316,0.32
Unido Perú,GENERAL,TURISMO Y HOTELERIA,1,316,0.32
Unido Perú,MUNICIPAL DISTRITAL,ADMINISTRACION,3,190,1.58
Unido Perú,MUNICIPAL DISTRITAL,EDUCACION,3,190,1.58
Unido Perú,MUNICIPAL DISTRITAL,INGENIERIA,2,190,1.05
Unido Perú,MUNICIPAL DISTRITAL,CIENCIAS POLITICAS,1,190,0.53
Unido Perú,MUNICIPAL DISTRITAL,CONTABILIDAD,1,190,0.53
Unido Perú,MUNICIPAL DISTRITAL,FISICA,1,190,0.53
Unido Perú,MUNICIPAL DISTRITAL,INSTRUCTOR DEPORTIVO,1,190,0.53
Unido Perú,MUNICIPAL DISTRITAL,TURISMO Y HOTELERIA,1,190,0.53
Unido Perú,MUNICIPAL PROVINCIAL,INGENIERIA,6,100,6
Unido Perú,MUNICIPAL PROVINCIAL,CONTABILIDAD,5,100,5
Unido Perú,MUNICIPAL PROVINCIAL,ADMINISTRACION,3,100,3
Unido Perú,MUNICIPAL PROVINCIAL,ENFERMERIA,3,100,3
Unido Perú,MUNICIPAL PROVINCIAL,DERECHO,2,100,2
Unido Perú,MUNICIPAL PROVINCIAL,MEDICO VETERINARIO,2,100,2
Unido Perú,MUNICIPAL PROVINCIAL,ODONTOLOGIA,2,100,2
Unido Perú,MUNICIPAL PROVINCIAL,PSICOLOGIA,2,100,2
Unido Perú,MUNICIPAL PROVINCIAL,ARTE Y DISENO,1,100,1
Unido Perú,MUNICIPAL PROVINCIAL,EDUCACION,1,100,1
Unido Perú,MUNICIPAL PROVINCIAL,MEDICO CIRUJANO,1,100,1
Unido Perú,MUNICIPAL PROVINCIAL,OBSTETRICIA,1,100,1
Unido Perú,MUNICIPAL PROVINCIAL,TECNOLOGIA MEDICA,1,100,1
Unido Perú,REGIONAL,DERECHO,5,26,19.23
Unido Perú,REGIONAL,EDUCACION,4,26,15.38
Unido Perú,REGIONAL,INGENIERIA,4,26,15.38
Unido Perú,REGIONAL,HISTORIA,1,26,3.85
Unido Perú,REGIONAL,ODONTOLOGIA,1,26,3.85
Venceremos,GENERAL,EDUCACION,247,1963,12.58
Venceremos,GENERAL,INGENIERIA,143,1963,7.28
Venceremos,GENERAL,DERECHO,122,1963,6.21
Venceremos,GENERAL,CONTABILIDAD,64,1963,3.26
Venceremos,GENERAL,ADMINISTRACION,56,1963,2.85
Venceremos,GENERAL,ECONOMIA,23,1963,1.17
Venceremos,GENERAL,ENFERMERIA,23,1963,1.17
Venceremos,GENERAL,CIENCIAS POLITICAS,21,1963,1.07
Venceremos,GENERAL,SOCIOLOGIA,21,1963,1.07
Venceremos,GENERAL,AGROPECUARIA,20,1963,1.02
Venceremos,GENERAL,CIENCIAS DE LA COMUNICACION,17,1963,0.87
Venceremos,GENERAL,PSICOLOGIA,15,1963,0.76
Venceremos,GENERAL,ANTROPOLOGIA,13,1963,0.66
Venceremos,GENERAL,MEDICINA,11,1963,0.56
Venceremos,GENERAL,HISTORIA,10,1963,0.51
Venceremos,GENERAL,MEDICO CIRUJANO,10,1963,0.51
Venceremos,GENERAL,TURISMO Y HOTELERIA,10,1963,0.51
Venceremos,GENERAL,ARQUITECTURA,9,1963,0.46
Venceremos,GENERAL,MEDICO VETERINARIO,9,1963,0.46
Venceremos,GENERAL,ARQUEOLOGIA,8,1963,0.41
Venceremos,GENERAL,BIOLOGIA,7,1963,0.36
Venceremos,GENERAL,OBSTETRICIA,7,1963,0.36
Venceremos,GENERAL,OTROS - OFICIO TECNICO,7,1963,0.36
Venceremos,GENERAL,MATEMATICA Y ESTADISTICA,6,1963,0.31
Venceremos,GENERAL,ODONTOLOGIA,5,1963,0.25
Venceremos,GENERAL,TRABAJO SOCIAL,5,1963,0.25
Venceremos,GENERAL,ARTE Y DISENO,4,1963,0.2
Venceremos,GENERAL,CIENCIAS SOCIALES,4,1963,0.2
Venceremos,GENERAL,FILOSOFIA Y TEOLOGIA,4,1963,0.2
Venceremos,GENERAL,IDIOMAS,3,1963,0.15
Venceremos,GENERAL,POLICIA O MILITAR,3,1963,0.15
Venceremos,GENERAL,INSTRUCTOR DEPORTIVO,2,1963,0.1
Venceremos,GENERAL,LENGUA Y LITERATURA,2,1963,0.1
Venceremos,GENERAL,FARMACIA Y BIOQUIMICA,1,1963,0.05
Venceremos,GENERAL,FISIOTERAPIA Y TERAPIA FISICA,1,1963,0.05
Venceremos,GENERAL,NUTRICION Y DIETETICA,1,1963,0.05
Venceremos,GENERAL,PRODUCCION AGROPECUARIA,1,1963,0.05
Venceremos,GENERAL,QUIMICA,1,1963,0.05
Venceremos,GENERAL,TECNOLOGIA MEDICA,1,1963,0.05
Venceremos,MUNICIPAL DISTRITAL,EDUCACION,117,1245,9.4
Venceremos,MUNICIPAL DISTRITAL,INGENIERIA,77,1245,6.18
Venceremos,MUNICIPAL DISTRITAL,DERECHO,49,1245,3.94
Venceremos,MUNICIPAL DISTRITAL,CONTABILIDAD,42,1245,3.37
Venceremos,MUNICIPAL DISTRITAL,ADMINISTRACION,31,1245,2.49
Venceremos,MUNICIPAL DISTRITAL,AGROPECUARIA,16,1245,1.29
Venceremos,MUNICIPAL DISTRITAL,ENFERMERIA,15,1245,1.2
Venceremos,MUNICIPAL DISTRITAL,CIENCIAS POLITICAS,13,1245,1.04
Venceremos,MUNICIPAL DISTRITAL,ECONOMIA,11,1245,0.88
Venceremos,MUNICIPAL DISTRITAL,ARQUITECTURA,6,1245,0.48
Venceremos,MUNICIPAL DISTRITAL,HISTORIA,6,1245,0.48
Venceremos,MUNICIPAL DISTRITAL,PSICOLOGIA,6,1245,0.48
Venceremos,MUNICIPAL DISTRITAL,ANTROPOLOGIA,5,1245,0.4
Venceremos,MUNICIPAL DISTRITAL,BIOLOGIA,5,1245,0.4
Venceremos,MUNICIPAL DISTRITAL,MATEMATICA Y ESTADISTICA,5,1245,0.4
Venceremos,MUNICIPAL DISTRITAL,MEDICO VETERINARIO,5,1245,0.4
Venceremos,MUNICIPAL DISTRITAL,OTROS - OFICIO TECNICO,5,1245,0.4
Venceremos,MUNICIPAL DISTRITAL,TURISMO Y HOTELERIA,5,1245,0.4
Venceremos,MUNICIPAL DISTRITAL,ARQUEOLOGIA,4,1245,0.32
Venceremos,MUNICIPAL DISTRITAL,CIENCIAS SOCIALES,4,1245,0.32
Venceremos,MUNICIPAL DISTRITAL,FILOSOFIA Y TEOLOGIA,4,1245,0.32
Venceremos,MUNICIPAL DISTRITAL,SOCIOLOGIA,4,1245,0.32
Venceremos,MUNICIPAL DISTRITAL,ARTE Y DISENO,3,1245,0.24
Venceremos,MUNICIPAL DISTRITAL,CIENCIAS DE LA COMUNICACION,3,1245,0.24
Venceremos,MUNICIPAL DISTRITAL,IDIOMAS,3,1245,0.24
Venceremos,MUNICIPAL DISTRITAL,OBSTETRICIA,3,1245,0.24
Venceremos,MUNICIPAL DISTRITAL,INSTRUCTOR DEPORTIVO,2,1245,0.16
Venceremos,MUNICIPAL DISTRITAL,POLICIA O MILITAR,2,1245,0.16
Venceremos,MUNICIPAL DISTRITAL,FARMACIA Y BIOQUIMICA,1,1245,0.08
Venceremos,MUNICIPAL DISTRITAL,LENGUA Y LITERATURA,1,1245,0.08
Venceremos,MUNICIPAL DISTRITAL,MEDICINA,1,1245,0.08
Venceremos,MUNICIPAL DISTRITAL,NUTRICION Y DIETETICA,1,1245,0.08
Venceremos,MUNICIPAL DISTRITAL,ODONTOLOGIA,1,1245,0.08
Venceremos,MUNICIPAL DISTRITAL,QUIMICA,1,1245,0.08
Venceremos,MUNICIPAL DISTRITAL,TECNOLOGIA MEDICA,1,1245,0.08
Venceremos,MUNICIPAL DISTRITAL,TRABAJO SOCIAL,1,1245,0.08
Venceremos,MUNICIPAL PROVINCIAL,EDUCACION,90,510,17.65
Venceremos,MUNICIPAL PROVINCIAL,INGENIERIA,43,510,8.43
Venceremos,MUNICIPAL PROVINCIAL,DERECHO,40,510,7.84
Venceremos,MUNICIPAL PROVINCIAL,CONTABILIDAD,16,510,3.14
Venceremos,MUNICIPAL PROVINCIAL,ADMINISTRACION,14,510,2.75
Venceremos,MUNICIPAL PROVINCIAL,ECONOMIA,11,510,2.16
Venceremos,MUNICIPAL PROVINCIAL,SOCIOLOGIA,10,510,1.96
Venceremos,MUNICIPAL PROVINCIAL,CIENCIAS DE LA COMUNICACION,6,510,1.18
Venceremos,MUNICIPAL PROVINCIAL,CIENCIAS POLITICAS,6,510,1.18
Venceremos,MUNICIPAL PROVINCIAL,MEDICINA,6,510,1.18
Venceremos,MUNICIPAL PROVINCIAL,PSICOLOGIA,5,510,0.98
Venceremos,MUNICIPAL PROVINCIAL,ANTROPOLOGIA,4,510,0.78
Venceremos,MUNICIPAL PROVINCIAL,MEDICO CIRUJANO,4,510,0.78
Venceremos,MUNICIPAL PROVINCIAL,OBSTETRICIA,4,510,0.78
Venceremos,MUNICIPAL PROVINCIAL,AGROPECUARIA,3,510,0.59
Venceremos,MUNICIPAL PROVINCIAL,ARQUITECTURA,3,510,0.59
Venceremos,MUNICIPAL PROVINCIAL,ENFERMERIA,3,510,0.59
Venceremos,MUNICIPAL PROVINCIAL,ARQUEOLOGIA,2,510,0.39
Venceremos,MUNICIPAL PROVINCIAL,BIOLOGIA,2,510,0.39
Venceremos,MUNICIPAL PROVINCIAL,HISTORIA,2,510,0.39
Venceremos,MUNICIPAL PROVINCIAL,MEDICO VETERINARIO,2,510,0.39
Venceremos,MUNICIPAL PROVINCIAL,TURISMO Y HOTELERIA,2,510,0.39
Venceremos,MUNICIPAL PROVINCIAL,FISIOTERAPIA Y TERAPIA FISICA,1,510,0.2
Venceremos,MUNICIPAL PROVINCIAL,LENGUA Y LITERATURA,1,510,0.2
Venceremos,MUNICIPAL PROVINCIAL,MATEMATICA Y ESTADISTICA,1,510,0.2
Venceremos,MUNICIPAL PROVINCIAL,ODONTOLOGIA,1,510,0.2
Venceremos,MUNICIPAL PROVINCIAL,OTROS - OFICIO TECNICO,1,510,0.2
Venceremos,MUNICIPAL PROVINCIAL,POLICIA O MILITAR,1,510,0.2
Venceremos,MUNICIPAL PROVINCIAL,PRODUCCION AGROPECUARIA,1,510,0.2
Venceremos,MUNICIPAL PROVINCIAL,TRABAJO SOCIAL,1,510,0.2
Venceremos,REGIONAL,EDUCACION,40,208,19.23
Venceremos,REGIONAL,DERECHO,33,208,15.87
Venceremos,REGIONAL,INGENIERIA,23,208,11.06
Venceremos,REGIONAL,ADMINISTRACION,11,208,5.29
Venceremos,REGIONAL,CIENCIAS DE LA COMUNICACION,8,208,3.85
Venceremos,REGIONAL,SOCIOLOGIA,7,208,3.37
Venceremos,REGIONAL,CONTABILIDAD,6,208,2.88
Venceremos,REGIONAL,MEDICO CIRUJANO,6,208,2.88
Venceremos,REGIONAL,ENFERMERIA,5,208,2.4
Venceremos,REGIONAL,ANTROPOLOGIA,4,208,1.92
Venceremos,REGIONAL,MEDICINA,4,208,1.92
Venceremos,REGIONAL,PSICOLOGIA,4,208,1.92
Venceremos,REGIONAL,ODONTOLOGIA,3,208,1.44
Venceremos,REGIONAL,TRABAJO SOCIAL,3,208,1.44
Venceremos,REGIONAL,TURISMO Y HOTELERIA,3,208,1.44
Venceremos,REGIONAL,ARQUEOLOGIA,2,208,0.96
Venceremos,REGIONAL,CIENCIAS POLITICAS,2,208,0.96
Venceremos,REGIONAL,HISTORIA,2,208,0.96
Venceremos,REGIONAL,MEDICO VETERINARIO,2,208,0.96
Venceremos,REGIONAL,AGROPECUARIA,1,208,0.48
Venceremos,REGIONAL,ARTE Y DISENO,1,208,0.48
Venceremos,REGIONAL,ECONOMIA,1,208,0.48
Venceremos,REGIONAL,OTROS - OFICIO TECNICO,1,208,0.48